Country,City,airport,Nationality
Cape Verde,Praia,(RAI) - Praia - Nelson Mandela International Airport,Cape Verde
South Africa,Cape Town,(CPT) - Cape Town - Cape Town International Airport,South Africa
South Africa,Johannesburg - Johannesburg Int'l,(JNB) - Johannesburg - OR Tambo International Airport,South Africa
Algeria,Algiers,"(ALG) - Algiers, Houari Boumediene Airport",Algeria
Algeria,Annaba,(AAE) - Annaba,Algeria
Algeria,Constantine,(CZL) - Constantine,Algeria
Algeria,Oran (Ouahran),(ORN) - Oran (Ouahran),Algeria
Angola,Bengueka,(BUG) - Benguela,Angola
Angola,Cabinda,(CAB) - Cabinda,Angola
Angola,Luanda - 4 de Fevereiro,(LAD) - Luanda - 4 de Fevereiro,Angola
Benin,Cotonou,(COO) - Cotonou - Cotonou Cadjehoun Airport,Benin
Botswana,Francistown,(FRW) - Francistown,Botswana
Botswana,Gaborone,(GBE) - Gaborone - Sir Seretse Khama International Airport,Botswana
Botswana,Maun,(MUB) - Maun,Botswana
Botswana,Selibi Phikwe,(PKW) - Selibi Phikwe,Botswana
Burkina Faso,Bobo/Dioulasso,(BOY) - Bobo/Dioulasso,Burkina Faso
Burkina Faso,Ouagadougou,(OUA) - Ouagadougou,Burkina Faso
Cape Verde,Sal,(SID) - Sal,Cape Verde
Central African Republic,Bambari,(BBY) - Bambari,Central African Republic
Central African Republic,Bangassou,(BGU) - Bangassou,Central African Republic
Central African Republic,Bangui,(BGF) - Bangui - M'Poko International Airport,Central African Republic
Central African Republic,Berberati,(BBT) - Berberati,Central African Republic
Central African Republic,Biraro,(IRO) - Biraro,Central African Republic
Central African Republic,Bria,(BIV) - Bria,Central African Republic
Central African Republic,Carnot,(CRF) - Carnot,Central African Republic
Central African Republic,Ouadda,(ODA) - Ouadda,Central African Republic
Chad,Abeche,(AEH) - Abeche,Chad
Chad,Moundou,(MQQ) - Moundou,Chad
Chad,N'Djamena,(NDJ) - N'Djamena,Chad
Comoros (Comores),Anjouan,(AJN) - Anjouan - Anjouan Airport,Comoros (Comores)
Comoros (Comores),Moroni - Prince Said Ibrahim,(HAH) - Moroni - Prince Said Ibrahim,Comoros (Comores)
Comoros (Comores),Moroni - Iconi,(YVA) - YVA,Comoros (Comores)
Congo,Brazzaville,(BZV) - Brazzaville - Maya-Maya Airport,Congo
Congo,Pointe Noire,(PNR) - Pointe Noire,Congo
Congo (Zaire),Kinshasa - N'Djili,(FIH) - Kinshasa - N'Djili,Congo (Zaire)
"Congo, Democratic Republic of The",Lisala,(LIQ) - Lisala,"Congo, Democratic Republic of The"
Côte d'Ivoire (Ivory Coast),Yamoussoukro,(ASK) - Yamoussoukro,Côte d'Ivoire (Ivory Coast)
Djibouti,Djibouti,(JIB) - Djibouti (city) - Djibouti-Ambouli International Airport,Djibouti
Egypt,Abu Rudeis,(AUE) - Abu Rudeis,Egypt
Egypt,Abu Simbel,(ABS) - Abu Simbel,Egypt
Egypt,Al Arish,(AAC) - Al Arish,Egypt
Egypt,"Alexandria, El Nhouza Airport",(ALY) - Alexandria - El Nhouza Airport,Egypt
Egypt,Assiut,(ATZ) - Assiut,Egypt
Egypt,"Aswan, Daraw Airport",(ASW) - Aswan - Daraw Airport,Egypt
Egypt,Borg El Arab Airport,(HBH) - Alexandria - Borg el Arab Airport,Egypt
Egypt,Cairo Int'l,(CAI) - Cairo - Cairo International Airport,Egypt
Egypt,El Minya,(EMY) - El Minya,Egypt
Egypt,Hurghada Int'l,(HRG) - Hurghada International,Egypt
Egypt,Kharga - New Valley,(UVL) - Kharga - New Valley,Egypt
Egypt,Luxor,(LXR) - Luxor,Egypt
Egypt,Marsa Matrah (Marsa Matruh),(MUH) - Marsa Matrah (Marsa Matruh),Egypt
Egypt,New Valley - Kharga,(UVL) - Kharga - New Valley,Egypt
Egypt,Port Said,(PSD) - Port Said,Egypt
Egypt,Santa Katarina - Mount Sinai,(SKV) - Santa Katarina - Mount Sinai,Egypt
Egypt,Sharm El Sheikh,(SSH) - Sharm El Sheikh,Egypt
Egypt,Siwa,(SEW) - Siwa,Egypt
Equatorial Guinea,Malabo,(SSG) - Malabo - Malabo International Airport,Equatorial Guinea
Ethiopia,Addis Ababa,(ADD) - Addis Ababa - Bole International Airport,Ethiopia
Gabon,Lambarene,(LBQ) - Lambarene,Gabon
Gabon,Libreville,(LBV) - Libreville,Gabon
Gabon,Moanda,(MFF) - Moanda,Gabon
Gabon,Mouila,(MJL) - Mouila,Gabon
Gabon,Mvengue,(MVB) - Mvengue,Gabon
Gabon,Port Gentil,(POG) - Port Gentil,Gabon
Gabon/Loyautte,Oyem,(UVE) - Oyem,Gabon/Loyautte
Gambia,Banjul,(BJL) - Banjul - Banjul International Airport (Yundum International),Gambia
Ghana,Accra,(ACC) - Accra - Kotoka International Airport,Ghana
Ivory Coast,Abidjan,(ABJ) - Abidjan,Ivory Coast
Ivory Coast,Bouake,(BYK) - Bouake,Ivory Coast
Ivory Coast,Daloa,(DJO) - Daloa,Ivory Coast
Ivory Coast,Korhogo,(HGO) - Korhogo,Ivory Coast
Ivory Coast,Man,(MJC) - Man,Ivory Coast
Ivory Coast,San Pedro,(SPY) - San Pedro,Ivory Coast
Ivory Coast,Sassandra,(ZSS) - Sassandra,Ivory Coast
Kenya,Malindi,(MYD) - Malindi,Kenya
Kenya,Mombasa - Moi International,(MBA) - Mombasa - Moi International,Kenya
Kenya,Nairobi,(NBO) - Nairobi,Kenya
Lesotho,Maseru - Moshoeshoe Int'l,(MSU) - Maseru - Moshoeshoe International,Lesotho
Liberia,Monrovia,(MLW) - Monrovia - Metropolitan Area,Liberia
Liberia,Monrovia - Roberts Int'l,(ROB) - Monrovia - Roberts International,Liberia
Libya,Bengasi,(BEN) - Benghazi (Bengasi),Libya
Libya,Sehba,(SEB) - Sehba,Libya
Libya,Tripoli - Tripoli Int'l,(TIP) - Tripoli - Tripoli International,Libya
Madagascar,Antananarivo (Tanannarive),(TNR) - Antananarivo (Tanannarive) - Ivato International Airport,Madagascar
Madagascar,Majunga,(MJN) - Majunga,Madagascar
Malawi,Blantyre,(BLZ) - Blantyre (Mandala) - Chileka International Airport,Malawi
Malawi,Lilongwe - Lilongwe International,(LLW) - Lilongwe - Lilongwe International,Malawi
Mali,Bamako,(BKO) - Bamako - Bamako-Sénou International Airport,Mali
Mauritania,Nouadhibou,(NDB) - Nouadhibou,Mauritania
Mauritania,Nouakchott,(NKC) - Nouakchott,Mauritania
Mauritania,Zouerate,(OUZ) - Zouerate,Mauritania
Mayotte,Dzaoudzi,(DZA) - Dzaoudzi,Mayotte
Morocco,Agadir,(AGA) - Agadir,Morocco
Morocco,Al Hoceima,(AHU) - Al Hoceima,Morocco
Morocco,Casablanca,(CAS) - Casablanca,Morocco
Morocco,"Casablanca, Mohamed V","(CMN) - Casablanca, Mohamed V",Morocco
Morocco,Fes,(FEZ) - Fes,Morocco
Morocco,Marrakech - Menara,(RAK) - Marrakesh - Menara Airport,Morocco
Morocco,Ouarzazate,(OZZ) - Ouarzazate,Morocco
Morocco,Oujda,(OUD) - Oujda,Morocco
Morocco,Rabat - Sale,(RBA) - Rabat - Rabat-Salé Airport,Morocco
Morocco,Tanger - Boukhalef,(TNG) - Tangier - Boukhalef,Morocco
Mozambique,Beira,(BEW) - Beira,Mozambique
Mozambique,Maputo - Maputo International,(MPM) - Maputo - Maputo International,Mozambique
Namibia,Katima Mulilo/Mpacha,(MPA) - Katima Mulilo/Mpacha,Namibia
Namibia,Keetmanshoop,(KMP) - Keetmanshoop,Namibia
Namibia,Luederitz,(LUD) - Luederitz,Namibia
Namibia,Mokuti,(OKU) - Mokuti,Namibia
Namibia,Ondangwa,(OND) - Ondangwa,Namibia
Namibia,Oranjemund,(OMD) - Oranjemund,Namibia
Namibia,Rundu,(NDU) - Rundu,Namibia
Namibia,Swakopmund,(SWP) - Swakopmund,Namibia
Namibia,Tsumeb,(TSB) - Tsumeb,Namibia
Namibia,Windhoek - Eros,(ERS) - Windhoek - Eros,Namibia
Namibia,Windhoek - Hosea Kutako Int'l,(WDH) - Windhoek - Hosea Kutako International,Namibia
Niger,Agades,(AJY) - Agades,Niger
Niger,Arlit,(RLT) - Arlit,Niger
Niger,Maradi,(MFQ) - Maradi,Niger
Niger,Niamey,(NIM) - Niamey,Niger
Niger,Zinder,(ZND) - Zinder,Niger
Nigeria,Abuja International,(ABV) - Abuja - Nnamdi Azikiwe International Airport,Nigeria
Nigeria,Kano,(KAN) - Kano,Nigeria
Nigeria,Lagos - Murtala Muhammed,(LOS) - Lagos - Murtala Muhammed Airport,Nigeria
Nigeria,Port Harcourt,(PHC) - Port Harcourt,Nigeria
Reunion,Saint Denis de la Reunion,(RUN) - Saint Denis - Roland Garros Airport,Reunion
Rwanda,Kigali - Gregoire Kayibanda,(KGL) - Kigali - Gregoire Kayibanda,Rwanda
Sao Tome & Principe,Sao Tome,(TMS) - Sao Tome,Sao Tome & Principe
Senegal,Dakar,(DKR) - Dakar - Léopold Sédar Senghor International Airport,Senegal
Seychelles,Mahe - Seychelles Int'l,(SEZ) - Mahe - Seychelles International,Seychelles
Sierra Leone,Freetown,(FNA) - Freetown - Freetown-Lungi International Airport,Sierra Leone
Somalia,Mogadischu,(MGQ) - Mogadishu,Somalia
South Africa,Aggeneys,(AGZ) - Aggeneys,South Africa
South Africa,Alexander Bay,(ALJ) - Alexander Bay - Kortdoorn,South Africa
South Africa,Alldays,(ADY) - Alldays,South Africa
South Africa,Bloemfontein,(BFN) - Bloemfontein - Bloemfontein Airport,South Africa
South Africa,Durban,(DUR) - Durban,South Africa
South Africa,East London,(ELS) - East London,South Africa
South Africa,Ellisras,(ELL) - Ellisras,South Africa
South Africa,George,(GRJ) - George,South Africa
South Africa,Kimberley,(KIM) - Kimberley,South Africa
South Africa,Kleinsee,(KLZ) - Kleinsee,South Africa
South Africa,Lanseria,(HLA) - Lanseria,South Africa
South Africa,Lusisiki,(LUJ) - Lusisiki,South Africa
South Africa,Margate,(MGH) - Margate,South Africa
South Africa,Messina,(MEZ) - Messina,South Africa
South Africa,Mkambati,(MBM) - Mkambati,South Africa
South Africa,Mzamba,(MZF) - Mzamba,South Africa
South Africa,Nelspruit,(NLP) - Nelspruit,South Africa
South Africa,Newcastle,(NCS) - Newcastle,South Africa
South Africa,Oudtshoorn,(OUH) - Oudtshoorn,South Africa
South Africa,Phalaborwa,(PHW) - Phalaborwa,South Africa
South Africa,Pietermaritzburg,(PZB) - Pietermaritzburg,South Africa
South Africa,Pietersburg,(PTG) - Pietersburg,South Africa
South Africa,Pilanesberg/Sun City,(NTY) - Pilanesberg/Sun City,South Africa
South Africa,Plettenberg Bay,(PBZ) - Plettenberg Bay,South Africa
South Africa,Port Elizabeth,(PLZ) - Port Elizabeth,South Africa
South Africa,Pretoria - Wonderboom Apt.,(PRY) - Pretoria - Wonderboom Apt.,South Africa
South Africa,Richards Bay,(RCB) - Richards Bay,South Africa
South Africa,Sishen,(SIS) - Sishen,South Africa
South Africa,Skukuza,(SZK) - Skukuza,South Africa
South Africa,Springbok,(SBU) - Springbok,South Africa
South Africa,Thaba'Nchu,(TCU) - Thaba'Nchu,South Africa
South Africa,Ulundi,(ULD) - Ulundi,South Africa
South Africa,Umtata,(UTT) - Umtata,South Africa
South Africa,Upington,(UTN) - Upington,South Africa
South Africa,Vryheid,(VYD) - Vryheid,South Africa
South Africa,Walvis Bay,(WVB) - Walvis Bay,South Africa
South Africa,Welkom,(WEL) - Welkom,South Africa
Sudan,Kassala,(KSL) - Kassala,Sudan
Sudan,Khartoum,(KRT) - Khartoum - Khartoum International Airport,Sudan
Suriname,Paramaribo - Zanderij Int'l,(PBM) - Paramaribo - Zanderij International,Suriname
Swaziland,Manzini - Matsapha Int'l,(MTS) - Manzini - Matsapha International,Swaziland
Tanzania,Arusha,(ARK) - Arusha,Tanzania
Tanzania,Dar es Salam (Daressalam),(DAR) - Dar es Salam (Daressalam) - Julius Nyerere Int'l,Tanzania
Tanzania,Kilimadjaro,(JRO) - Kilimadjaro,Tanzania
Tunisia,Djerba,(DJE) - Djerba,Tunisia
Tunisia,Monastir,(MIR) - Monastir,Tunisia
Tunisia,Sfax,(SFA) - Sfax,Tunisia
Tunisia,Tunis - Carthage,(TUN) - Tunis - Carthage,Tunisia
Uganda,Entebbe,(EBB) - Entebbe - Entebbe International Airport,Uganda
Uganda,Gulu,(ULU) - Gulu,Uganda
Zaire,Kisangani,(FKI) - Kisangani,Zaire
Zaire,Lumbumbashi,(FBM) - Lumbumbashi,Zaire
Zambia,Chipata,(CIP) - Chipata,Zambia
Zambia,Kitwe,(KIW) - Kitwe,Zambia
Zambia,Lusaka,(LUN) - Lusaka - Lusaka International Airport,Zambia
Zambia,Mfuwe,(MFU) - Mfuwe,Zambia
Zambia,N'Dola,(NLA) - N'Dola,Zambia
Zimbabwe,Buffalo Range,(BFO) - Buffalo Range,Zimbabwe
Zimbabwe,Bulawayo,(BUQ) - Bulawayo,Zimbabwe
Zimbabwe,Gweru,(GWE) - Gweru,Zimbabwe
Zimbabwe,Harare,(HRE) - Harare - Harare International Airport,Zimbabwe
Zimbabwe,Hwange National Park,(HWN) - Hwange National Park,Zimbabwe
Zimbabwe,Masvingo,(MVZ) - Masvingo,Zimbabwe
Zimbabwe,Salisbury,(SAY) - Salisbury,Zimbabwe
Zimbabwe,Victoria Falls,(VFA) - Victoria Falls,Zimbabwe
"Hokkaido, Japan",Sapporo,(SPK) - Sapporo,"Hokkaido, Japan"
"Hokkaido, Japan",Sapporo - Okadama,(OKD) - Sapporo - Okadama,"Hokkaido, Japan"
Hong Kong,Hong Kong - Int'l Airport (HKIA),(HKG) - Hong Kong - International Airport (HKIA),Hong Kong
Japan,Kobe,(UKB) - Kobe,Japan
Japan,Kyoto,(UKY) - Kyoto,Japan
Japan,Nagoya - Komaki AFB,(NGO) - Nagoya - Komaki AFB,Japan
Japan,Tokyo,(TYO) - Tokyo,Japan
Japan,Tokyo - Haneda,(HND) - Tokyo - Haneda,Japan
Japan,Tokyo - Narita,(NRT) - Tokyo - Narita,Japan
Maledives,Male - International,(MLE) - Male - Velana International Airport,Maledives
Nepal,Kathmandu - Tribhuvan,(KTM) - Kathmandu - Tribhuvan International Airport,Nepal
South Korea,Seoul - Incheon Int'l Airport,"(ICN) - Incheon, Incheon International Airport",South Korea
South Korea,Seoul - Kimpo,(SEL) - Seoul - Kimpo,South Korea
Sri Lanka,Colombo,(CMB) - Colombo - Bandaranaike International Airport,Sri Lanka
Bangladesh,Barisal,(BZL) - Barisal,Bangladesh
Bangladesh,Chittagong,(CGP) - Chittagong,Bangladesh
Bangladesh,Dhaka,(DAC) - Dhaka - Zia International Airport,Bangladesh
Bangladesh,Sylhet,(ZYL) - Sylhet,Bangladesh
Bhutan,Paro,(PBH) - Paro,Bhutan
China,Beijing,(PEK) - Beijing,China
China,Beijing - Nanyuan Airport,(NAY) - Beijing - Nanyuan Airport,China
China,Shanghai - Hongqiao,(SHA) - Shanghai - Hongqiao,China
China,Shanghai - Pu Dong,(PVG) - Shanghai - Pu Dong,China
China,Tianjin,(TSN) - Tianjin,China
"Fujian, China",Xiamen,(XMN) - Xiamen,"Fujian, China"
"Guangdong, China",Dongguan,(DGM) - DGM,"Guangdong, China"
"Guangdong, China",Guangzhou (Canton) - Baiyun (White Cloud),(CAN) - Guangzhou (Canton) - Baiyun International Airport,"Guangdong, China"
"Guangdong, China",Shenzhen,(SZX) - Shenzhen - Shenzhen Bao'an International,"Guangdong, China"
"Guangxi, China",Nanning,(NNG) - Nanning,"Guangxi, China"
"Heilongjiang, China",Harbin (Haerbin),(HRB) - Harbin (Haerbin),"Heilongjiang, China"
Hong Kong,Hong Kong - Chek Lap Kok,(ZJK) - Hong Kong - Chek Lap Kok,Hong Kong
"Hubei, China",Wuhan,(WUH) - Wuhan,"Hubei, China"
India,Ahmedabad,(AMD) - Ahmedabad,India
India,Amritsar,(ATQ) - Amritsar,India
India,Anand,(QNB) - Anand,India
India,Bagdogra,(IXB) - Bagdogra,India
India,Bangalore,(BLR) - Bangalore,India
India,Baronda,(BDQ) - Baroda,India
India,Belgaum,(IXG) - Belgaum,India
India,Bhopal,(BHO) - Bhopal,India
India,Bhubaneswar,(BBI) - Bhubaneswar,India
India,Bombay,(BOM) - Bombay (Mumbai) - Chhatrapati Shivaji International,India
India,Calcutta (Kolkata) - Netaji Subhas Chandra,(CCU) - Calcutta (Kolkata) - Netaji Subhas Chandra,India
India,Calicut,(CCJ) - Calicut,India
India,Chandigarh,(IXC) - Chandigarh - Chandigarh International Airport,India
India,Chennai (Madras),(MAA) - Chennai (Madras),India
India,Cochin,(COK) - Cochin,India
India,Coimbatore,(CJB) - Coimbatore,India
India,"Delhi, Indira Gandhi",(DEL) - Delhi - Indira Gandhi International Airport,India
India,Goa,(GOI) - Goa,India
India,Guwahati,(GAU) - Guwahati,India
India,Hyderabad - Begumpet,(HYD) - Hyderabad - Rajiv Gandhi International Airport,India
India,Jaipur - Sanganeer,(JAI) - Jaipur - Sanganeer,India
India,Jalandhar,(JLR) - Jalandhar,India
India,Jamshedpur - Sonari,(IXW) - Jamshedpur - Sonari Airport,India
India,Kanpur,(QJU) - QJU,India
India,Kolkata (Calcutta) - Netaji Subhas Chandra,(CCU) - Calcutta (Kolkata) - Netaji Subhas Chandra,India
India,Lucknow,(LKO) - Lucknow,India
India,Madras (Chennai),(MAA) - Chennai (Madras),India
India,Nagpur,(NAG) - Nagpur,India
India,Patna,(PAT) - Patna,India
India,Pune,(PNQ) - Pune,India
India,Rajkot,(RAJ) - Rajkot,India
India,Ranchi,(IXR) - Ranchi,India
India,Srinagar,(SXR) - Srinagar,India
India,Surat,(STV) - Surat,India
India,Thiruvananthapuram,(TRV) - Thiruvananthapuram,India
India,Tiruchirapally,(TRZ) - Tiruchirapally,India
India,Varanasi,(VNS) - Varanasi,India
Japan,Akita,(AXT) - Akita,Japan
Japan,Amami,(ASJ) - Amami,Japan
Japan,Aomori,(AOJ) - Aomori,Japan
Japan,Komatsu,(KMQ) - Komatsu,Japan
Japan,Chiba City,(QCB) - Chiba City,Japan
Japan,Chitose,(CTS) - Sapporo - New Chitose Airport,Japan
Japan,Fukuoka,(FUK) - Fukuoka,Japan
Japan,"Fukushima-shi, Fukushima Airport",(FKS) - Fukushima - Fukushima Airport,Japan
Japan,Hachijo Jima,(HAC) - Hachijo Jima,Japan
Japan,Hakodate,(HKD) - Hakodate,Japan
Japan,Hiroshima International,(HIJ) - Hiroshima International,Japan
Japan,Ishigaki,(LSG) - LSG,Japan
Japan,Kagoshima,(KOJ) - Kagoshima,Japan
Japan,Kochi,(KCZ) - Kochi,Japan
Japan,Kumamoto,(KMJ) - Kumamoto,Japan
Japan,Kushiro,(KUH) - Kushiro,Japan
Japan,"Matsumoto, Nagano","(MMJ) - Matsumoto, Nagano",Japan
Japan,Matsuyama,(MYJ) - Matsuyama,Japan
Japan,Miyako Jima (Ryuku Islands) - Hirara,(MMY) - Miyako Jima (Ryuku Islands) - Hirara,Japan
Japan,"Morioka, Hanamaki","(HNA) - Morioka, Hanamaki",Japan
Japan,Miyazaki,(KMI) - Miyazaki,Japan
Japan,Nagasaki,(NGS) - Nagasaki,Japan
Japan,Niigata,(KIJ) - Niigata,Japan
Japan,Oita,(OIT) - Oita,Japan
Japan,Okayama,(OKJ) - Okayama,Japan
Japan,"Okinawa, Ryukyo Island - Naha","(OKA) - Okinawa, Ryukyo Island - Naha",Japan
Japan,"Osaka, Metropolitan Area","(OSA) - Osaka, Metropolitan Area",Japan
Japan,Osaka - Itami,(ITM) - Osaka - Itami,Japan
Japan,Osaka - Kansai Int'l Airport,(KIX) - Osaka - Kansai International Airport,Japan
Japan,Sado Shima,(SDS) - Sado Shima,Japan
Japan,Sapporo - Shin-Chitose Airport,(CTS) - Sapporo - New Chitose Airport,Japan
Japan,Sendai,(SDJ) - Sendai,Japan
Japan,Takamatsu,(TAK) - Takamatsu,Japan
Japan,Tokushima,(TKS) - Tokushima,Japan
Japan,Toyama,(TOY) - Toyama,Japan
Japan,"Yamagata, Junmachi","(GAJ) - Yamagata, Junmachi",Japan
Japan,Yokohama,(YOK) - Yokohama,Japan
"Jilin, China",Changchun,(CGQ) - Changchun,"Jilin, China"
Kazakhstan,Aktyubinsk,(ADX) - ADX,Kazakhstan
Kazakhstan,Alma Ata,(ALA) - Almaty (Alma Ata) - Almaty International Airport,Kazakhstan
Kazakstan,Astana,(TSE) - Astana - Astana International Airport,Kazakstan
Korea South,"Incheon, Incheon Int'l Airport","(ICN) - Incheon, Incheon International Airport",Korea South
"Liaoning, China",Dalian,(DLC) - Dalian - Zhoushuizi International Airport,"Liaoning, China"
"Liaoning, China",Shenyang,(SHE) - Shenyang,"Liaoning, China"
"Macau, China SAR",Macau,(MFM) - Macau - Macau International Airport,"Macau, China SAR"
Mauritius,Mauritius - S.Seewoosagur Ram Int'l,(MRU) - Mauritius - S.Seewoosagur Ram International,Mauritius
Mauritius,Rodrigues Island,(RRG) - Rodrigues Island,Mauritius
Mongolia,Ulaanbaatar - Buyant Uhaa,(ULN) - Ulaanbaatar - Buyant Uhaa Airport,Mongolia
"Shaanxi, China",Xi'an - Xianyang,(XIY) - Xi'an - Xianyang,"Shaanxi, China"
"Shandong, China",Jinan,(TNA) - Jinan,"Shandong, China"
"Shandong, China",Qingdao,(TAO) - Qingdao,"Shandong, China"
"Shanxi, China",Taiyuan,(TYN) - Taiyuan,"Shanxi, China"
"Sichuan, China",Chengdu,(CTU) - Chengdu - Shuangliu,"Sichuan, China"
"Sichuan, China",Chongqing,(CKG) - Chongqing - Jiangbei International Airport,"Sichuan, China"
Singapore,Singapore - Paya Lebar,(QPG) - Singapore - Paya Lebar,Singapore
Singapore,Singapore - Changi,(SIN) - Singapore - Changi,Singapore
South Korea,Pu San (Pusan) - Kimhae,(PUS) - Pu San (Busan) - Gimhae International Airport,South Korea
Tadschikistan,Dushanbe (Duschanbe),(DYU) - Dushanbe (Duschanbe) - Dushanbe Airport,Tadschikistan
Taiwan,Kaohsiung Int'l,(KHH) - Kaohsiung International,Taiwan
Taiwan,Makung,(MZG) - Makung,Taiwan
Taiwan,Taipei - Chiang Kai Shek,(TPE) - Taipei - Chiang Kai Shek,Taiwan
Taiwan,Taipei - Sung Shan,(TAY) - Taipei - Sung Shan,Taiwan
Uzbekistan,Samarkand,(SKD) - Samarkand - Samarkand International Airport,Uzbekistan
Uzbekistan,Tashkent - Vostochny,(TAS) - Tashkent - International,Uzbekistan
Uzbekistan,Termez (Termes),(TMZ) - Termez (Termes),Uzbekistan
"Xinjiang, China",Urumqi,(URC) - Urumqi,"Xinjiang, China"
"Zhejiang, China",Hangchow (Hangzhou),(HGH) - Hangchow (Hangzhou),"Zhejiang, China"
Guadeloupe,Pointe a Pitre,(PTP) - Basse-Terre - Pointe-à-Pitre International Airport,Guadeloupe
Netherlands Antilles,Bonaire,(BON) - Bonaire,Netherlands Antilles
Netherlands Antilles,Curacao,(CUR) - Curacao - Curaçao International Airport,Netherlands Antilles
Netherlands Antilles,St. Marteen,(SXM) - St. Marteen,Netherlands Antilles
Nevis,Nevis,(NEV) - Nevis,Nevis
St. Kitts And Nevis,St. Kitts,(SKB) - Basseterre - Robert L. Bradshaw International Airport,St. Kitts And Nevis
St. Lucia,St. Lucia Hewanorra,(UVF) - St. Lucia Hewanorra,St. Lucia
St. Lucia,St. Lucia Vigle,(SLU) - Castries - George F. L. Charles Airport,St. Lucia
St. Martin,St. Martin,(SFG) - St. Martin,St. Martin
St. Vincent,St. Vincent,(SVD) - Kingstown - E. T. Joshua Airport,St. Vincent
Cuba,Havana - José Martí Int'l,(HAV) - Havana - José Martí International,Cuba
Cuba,Holguin,(HOG) - Holguin,Cuba
Cuba,Santiago - Antonio Maceo Airport,(SCU) - Santiago - Antonio Maceo Airport,Cuba
Cuba,Varadero,(VRA) - Varadero,Cuba
Dominican Republic,Casa de Campo/La Romana,(LRM) - Casa de Campo - La Romana International Airport,Dominican Republic
Dominican Republic,Puerto Plata,(POP) - Puerto Plata,Dominican Republic
Dominican Republic,Punta Cana,(PUJ) - Punta Cana - Punta Cana International,Dominican Republic
Dominican Republic,Santo Domingo,(SDQ) - Santo Domingo,Dominican Republic
Haiti,Port au Prince,(PAP) - Port au Prince,Haiti
Jamaica,Kingston - Norman Manley,(KIN) - Kingston - Norman Manley,Jamaica
Jamaica,Montenego Bay,(MBJ) - Montego Bay - Sangster International,Jamaica
Martinique,Fort de France,(FDF) - Fort de France - Martinique Aimé Césaire International,Martinique
Puerto Rico,Aguadilla,(BQN) - Aguadilla,Puerto Rico
Puerto Rico,Mayaguez,(MAZ) - Mayaguez,Puerto Rico
Puerto Rico,Ponce,(PSE) - Ponce,Puerto Rico
Rico,San Juan Perto,(SJU) - San Juan - Luis Munoz Marin International Airport,Rico
Tobago,Tobago,(TAB) - Scarborough - Crown Point International,Tobago
Trinidad,Port of Spain,(POS) - Port of Spain - Piarco International,Trinidad
Virgin Islands,St. Croix,(STX) - St. Croix,Virgin Islands
Virgin Islands,St. Thomas,(STT) - St. Thomas,Virgin Islands
Virgin Islands,Tortola,(EIS) - Beef Island - Terrance B. Lettsome,Virgin Islands
Virgin Islands,Virgin Gorda,(VIJ) - Virgin Gorda,Virgin Islands
"Virgin Islands, British",Beef Island,(EIS) - Beef Island - Terrance B. Lettsome,"Virgin Islands, British"
Bahamas,Freeport,(FPO) - Freeport - Grand Bahama International Airport,Bahamas
Bahamas,Nassau,(NAS) - Bahamas - Lynden Pindling International Airport,Bahamas
Cayman Islands,Grand Cayman,(GCM) - Grand Cayman - Owen Roberts International,Cayman Islands
Anguilla,Anguilla,(AXA) - Anguilla,Anguilla
Antigua,Antigua,"(ANU) - Antigua, V.C. Bird International",Antigua
Aruba,Aruba,"(AUA) - Aruba - Reina Beatrix International, Oranjestad",Aruba
Bahamas,Chub Cay,(CCZ) - Chub Cay,Bahamas
Bahamas,Govenors Harbour,(GHB) - Govenors Harbour,Bahamas
Bahamas,Grand Bahama,(GBI) - GBI,Bahamas
Bahamas,Marsh Harbour,(MHH) - Marsh Harbour,Bahamas
Bahamas,North Eleuthera,(ELH) - North Eleuthera,Bahamas
Bahamas,Rock Sound,(RSD) - Rock Sound,Bahamas
Bahamas,San Salvador,(ZSA) - San Salvador,Bahamas
Bahamas,Treasure Cay,(TCB) - Treasure Cay,Bahamas
Barbados,"Bridgetown, Grantley Adams Int'l",(BGI) - Bridgetown - Grantley Adams International,Barbados
Bermuda,Bermuda,(BDA) - Bermuda - L.F. Wade International Airport,Bermuda
Panama,Panama City - Tocumen International,(PTY) - Panama City - Tocumen International,Panama
Costa Rica,San Jose,(SJO) - San Jose,Costa Rica
El Salvador,San Salvador,(SAL) - San Salvador,El Salvador
Honduras,Roatan,(RTB) - Roatan,Honduras
Honduras,San Pedro Sula,(SAP) - San Pedro Sula,Honduras
Honduras,Santa Rosa Copan,"(SDH) - Santa Rosa, Copan",Honduras
Honduras,Tegucigalpa,(TGU) - Tegucigalpa,Honduras
Belize,Belize City,(BZE) - Belize City - Philip S.W.Goldson International,Belize
Guatemala,Guatemala City,(GUA) - Guatemala City - La Aurora International Airport,Guatemala
Nicaragua,Managua - Augusto C Sandino,(MGA) - Managua - Augusto C Sandino,Nicaragua
Bosnia and Herzegovina,Sarajevo,(SJJ) - Sarajevo,Bosnia and Herzegovina
Bulgaria,Sofia - Vrazhdebna,(SOF) - Sofia - Vrazhdebna,Bulgaria
Fiji,Nadi,(NAN) - Nadi,Fiji
Fiji,Suva/Nausori,(SUV) - Nausori,Fiji
Fiji/Suva,Nausori,(SUV) - Nausori,Fiji/Suva
Hungary,"Budapest, Ferihegy",(BUD) - Budapest - Budapest Ferihegy International Airport,Hungary
Macedonia,Skopje,(SKP) - Skopje,Macedonia
Romania,Bucharest,(BUH) - Bucharest,Romania
Romania,"Bucharest, Otopeni",(OTP) - Bucharest - Henri Coandă International Airport,Romania
Armenia,"Eriwan (Yerevan, Jerevan)","(EVN) - Eriwan (Yerevan, Jerevan)",Armenia
Azerbaijan,Baku,(BAK) - Baku - Heydar Aliyev International Airport,Azerbaijan
Belarus,"Minsk, International","(MSQ) - Minsk, International",Belarus
Bosnia and Herzegovina,Mostar,(OMO) - Mostar,Bosnia and Herzegovina
Bulgaria,Bourgas/Burgas,(BOJ) - Bourgas/Burgas,Bulgaria
Bulgaria,Gorna,(GOZ) - Gorna,Bulgaria
Bulgaria,Ruse,(ROU) - Ruse,Bulgaria
Bulgaria,Silistra,(SLS) - Silistra,Bulgaria
Bulgaria,Targovishte,(TGV) - Targovishte,Bulgaria
Bulgaria,Varna,(VAR) - Varna,Bulgaria
Bulgaria,Vidin,(VID) - Vidin,Bulgaria
Croatia (Hrvatska),Dubrovnik,(DBV) - Dubrovnik,Croatia (Hrvatska)
Croatia (Hrvatska),(Mali) Losinj - Losinj Arpt,(LSZ) - Losinj - Losinj Arpt,Croatia (Hrvatska)
Croatia (Hrvatska),Osijek,(OSI) - Osijek,Croatia (Hrvatska)
Croatia (Hrvatska),Pula,(PUY) - Pula,Croatia (Hrvatska)
Croatia (Hrvatska),Rijeka,(RJK) - Rijeka,Croatia (Hrvatska)
Croatia (Hrvatska),Split,(SPU) - Split,Croatia (Hrvatska)
Croatia (Hrvatska),Zadar,(ZAD) - Zadar,Croatia (Hrvatska)
Croatia (Hrvatska),Zagreb - Pleso,(ZAG) - Zagreb - Zagreb Airport Pleso,Croatia (Hrvatska)
Estonia,Tallinn - Pirita Harbour,(QUF) - Tallinn - Pirita Harbour,Estonia
Estonia,Tallinn - Ulemiste,(TLL) - Tallinn - Ulemiste,Estonia
Georgia,Tbilisi - Novo Alexeyevka,(TBS) - Tbilisi - Novo Alexeyevka,Georgia
Latvia,Riga,(RIX) - Riga,Latvia
Lithuania,Wilna (Vilnius),(VNO) - Vilnius,Lithuania
Macedonia,Ohrid,(OHD) - Ohrid,Macedonia
Romania,Constanza,(CND) - Constanta (Constanța) - Constanta Int'l Airport,Romania
Russia,Adler/Sochi,(AER) - Adler/Sochi,Russia
Russia,Chabarovsk (Khabarovsk),(KHV) - Chabarovsk (Khabarovsk),Russia
Russia,Chita (Tschita),(HTA) - Chita (Tschita),Russia
Russia,Irkutsk,(IKT) - Irkutsk,Russia
Russia,Kazan (Ka San),(KZN) - Kazan - Kazan International Airport,Russia
Russia,Mineralnye Vody,(MRV) - Mineralnye Vody,Russia
Russia,Moscow - Metropolitan Area,(MOW) - Moscow - Metropolitan Area,Russia
Russia,Moscow - Domodedovo,(DME) - Moscow - Domodedovo,Russia
Russia,Moscow - Sheremetyevo,(SVO) - Moscow - Sheremetyevo,Russia
Russia,Moscow - Vnukovo,(VKO) - Moscow - Vnukovo,Russia
Russia,Murmansk,(MMK) - Murmansk,Russia
Russia,Novosibirsk - Tolmachevo,(OVB) - Novosibirsk - Tolmachevo Airport,Russia
Russia,St. Petersburg (Leningrad) - Pulkovo,(LED) - St. Petersburg (Leningrad) - Pulkovo,Russia
Russia,Ulan-Ude,(UUD) - Ulan-Ude,Russia
Russia,Velikiye Luki (Welikije Luki),(VLU) - Velikiye Luki (Welikije Luki),Russia
Russian Federation,Arkhangelsk,(ARH) - Arkhangelsk,Russian Federation
Russian Federation,Yakutsk,(YKS) - Yakutsk,Russian Federation
Slovakia,Bratislava,(BTS) - Bratislava - M. R. Štefánik Airport,Slovakia
Slovenia,Ljubljana - Brnik,(LJU) - Ljubljana - Brnik,Slovenia
Slovenia,Maribor,(MBX) - Maribor,Slovenia
Ukraine,Kiev - Borispol,(KBP) - Kiev - Borispol,Ukraine
Ukraine,Kiev - Zhulhany,(IEV) - Kiev - Zhulhany,Ukraine
Ukraine,"Lvov (Lwow, Lemberg)","(LWO) - Lvov (Lwow, Lemberg)",Ukraine
Ukraine,Nikolaev,(NLV) - Nikolaev,Ukraine
Ukraine,Odessa,(ODS) - Odessa,Ukraine
Ukraine,Simferopol,(SIP) - Simferopol,Ukraine
Yugoslavia,Belgrad (Beograd),(BEG) - Belgrad (Beograd) - Belgrade Nikola Tesla International,Yugoslavia
Yugoslavia,Nis,(INI) - Nis,Yugoslavia
Yugoslavia,Novi Sad,(QND) - Novi Sad,Yugoslavia
Yugoslavia,Podgorica,(TGD) - Podgorica,Yugoslavia
Yugoslavia,Pristina,(PRN) - Pristina,Yugoslavia
Yugoslavia,Tivat,(TIV) - Tivat,Yugoslavia
Albania,Tirana - Rinas,(TIA) - Tirana - Rinas,Albania
Austria,Innsbruck - Kranebitten,(INN) - Innsbruck - Kranebitten,Austria
Austria,Salzburg - W.A. Mozart,(SZG) - Salzburg - W.A. Mozart,Austria
Austria,Wien (Vienna) - Vienna Int'l,(VIE) - Wien (Vienna) - Vienna International,Austria
Denmark,Copenhagen,(CPH) - Copenhagen - Copenhagen Airport,Denmark
Finland,Helsinki - Vantaa,(HEL) - Helsinki - Vantaa,Finland
Germany,Berlin,(BER) - Berlin,Germany
Germany,"Berlin, Schoenefeld","(SXF) - Berlin, Schoenefeld",Germany
Germany,"Berlin, Tegel","(TXL) - Berlin, Tegel",Germany
Germany,Dresden,(DRS) - Dresden - Dresden Airport,Germany
Germany,Hamburg - Fuhlsbuettel,(HAM) - Hamburg - Fuhlsbuettel,Germany
Greece,Athens,(ATH) - Athens - Elefthérios Venizélos International Airport,Greece
Greece,"Athens, Hellinikon Airport","(HEW) - Athens, Hellinikon Airport",Greece
Greece,Corfu,(CFU) - Corfu,Greece
Greece,Kos,(KGS) - Kos,Greece
Greece,Mykonos,(JMK) - Mykonos,Greece
Greece,Mytilene (Lesbos),(MJT) - Mytilene (Lesbos),Greece
Greece,Rhodos,(RHO) - Rhodos,Greece
Greece,Thessaloniki - Makedonia Apt.,(SKG) - Saloniki,Greece
Ibiza/Spain,Ibiza,(IBZ) - Ibiza,Ibiza/Spain
Ireland,Cork,(ORK) - Cork,Ireland
Ireland,Dublin,(DUB) - Dublin - Dublin International Airport,Ireland
Ireland,Galway,(GWY) - Galway,Ireland
Ireland,Kerry County,(KIR) - Kerry County,Ireland
Ireland,Knock,(NOC) - Knock,Ireland
Ireland,Shannon (Limerick),(SNN) - Shannon (Limerick),Ireland
Italy,Cagliari,(CAG) - Cagliari,Italy
Malta,Luga,(MLA) - Luga,Malta
Norway,Bergen,(BGO) - Bergen,Norway
Norway,Oslo,"(OSL) - Oslo - Oslo Airport, Gardermoen",Norway
Norway,Oslo - Sandefjord,(TRF) - Oslo - Sandefjord,Norway
Poland,Krakau,(KRK) - Krakow (Cracow) - John Paul II International Airport,Poland
Poland,Warsaw,(WAW) - Warsaw - Frédéric Chopin,Poland
Portugal,Lisbon - Lisboa,(LIS) - Lisbon - Lisboa,Portugal
Portugal,Ponta Delgada,(PDL) - Ponta Delgada,Portugal
Spain,Palma de Mallorca,(PMI) - Palma de Mallorca,Spain
Spain,Sevilla,(SVQ) - Sevilla,Spain
Spain,Valencia,(VLC) - Valencia,Spain
Sweden,Goteborg,(GOT) - Gothenburg (Göteborg) - Landvetter,Sweden
Sweden,Stockholm Metropolitan Area,(STO) - Stockholm Metropolitan Area,Sweden
Sweden,Stockholm - Arlanda,(ARN) - Stockholm - Arlanda,Sweden
Sweden,Stockholm - Bromma,(BMA) - Stockholm - Bromma,Sweden
United Kingdom,Belfast - Harbour,(BHD) - Belfast - George Best Belfast City Airport,United Kingdom
United Kingdom,Belfast International,(BFS) - Belfast - Belfast International Airport,United Kingdom
United Kingdom,"Glasgow, Prestwick","(PIK) - Glasgow, Prestwick",United Kingdom
United Kingdom,Glasgow,(GLA) - Glasgow,United Kingdom
United Kingdom,Inverness,(INV) - Inverness,United Kingdom
Andorra,Andorra La Vella H/P,(ALV) - Andorra La Vella - Heliport,Andorra
Austria,Graz,(GRZ) - Graz,Austria
Austria,Klagenfurt,(KLU) - Klagenfurt,Austria
Austria,Linz - Hoersching,(LNZ) - Linz - Hoersching,Austria
Belgium,Antwerp,(ANR) - Antwerp,Belgium
Belgium,Brussels,(BRU) - Brussels - Brussels Airport,Belgium
Belgium,Liege,(LGG) - Liege,Belgium
Cyprus,Akrotiri - RAF,(AKT) - Akrotiri - RAF,Cyprus
Cyprus,Larnaca,(LCA) - Larnaca,Cyprus
Cyprus,Limassol,(QLI) - Limassol,Cyprus
Cyprus,Nicosia,(NIC) - Nicosia,Cyprus
Cyprus,Paphos,(PFO) - Paphos,Cyprus
Czech Republic,Prague - Ruzyne,(PRG) - Prague - Václav Havel Airport (formerly Ruzyne),Czech Republic
Denmark,Aarhus,(AAR) - Aarhus,Denmark
Denmark,Alborg,(AAL) - Alborg,Denmark
Denmark,Billund,(BLL) - Billund,Denmark
Denmark,Esbjerg,(EBJ) - Esbjerg,Denmark
Denmark,Faroer,(FAE) - Faroer - Vágar Airport,Denmark
Denmark,Karup,(KRP) - Karup,Denmark
Denmark,Odense,(ODE) - Odense,Denmark
Denmark,Roenne,(RNN) - Roenne,Denmark
Denmark,Skrydstrup,(SKS) - Skrydstrup,Denmark
Denmark,Soenderborg,(SGD) - Soenderborg,Denmark
Denmark,Thisted,(TED) - Thisted,Denmark
Finland,Enontekioe,(ENF) - Enontekioe,Finland
Finland,Ivalo,(IVL) - Ivalo,Finland
Finland,Joensuu,(JOE) - Joensuu,Finland
Finland,Jyvaeskylae,(JYV) - Jyväskylä (Jyvaskyla),Finland
Finland,Kajaani,(KAJ) - Kajaani,Finland
Finland,Kauhajoki,(KHJ) - Kauhajoki,Finland
Finland,Kemi/Tornio,(KEM) - Kemi/Tornio,Finland
Finland,Kittilä,(KTT) - Kittilä,Finland
Finland,Kokkola/Pietarsaari,(KOK) - Kokkola/Pietarsaari,Finland
Finland,Kuopio,(KUO) - Kuopio,Finland
Finland,Kuusamo,(KAO) - Kuusamo,Finland
Finland,Lappeenranta,(LPP) - Lappeenranta,Finland
Finland,Mariehamn (Maarianhamina),(MHQ) - Mariehamn (Maarianhamina),Finland
Finland,Mikkeli,(MIK) - Mikkeli,Finland
Finland,Oulu,(OUL) - Oulu,Finland
Finland,Pori,(POR) - Pori,Finland
Finland,Rovaniemi,(RVN) - Rovaniemi,Finland
Finland,Savonlinna,(SVL) - Savonlinna,Finland
Finland,Seinaejoki,(SJY) - Seinaejoki,Finland
Finland,Sodankylae,(SOT) - Sodankylae,Finland
Finland,Tampere,(TMP) - Tampere,Finland
Finland,Turku,(TKU) - Turku,Finland
Finland,Vaasa,(VAA) - Vaasa,Finland
Finland,Varkaus,(VRK) - Varkaus,Finland
France,Ajaccio,(AJA) - Ajaccio,France
France,Albi,(LBI) - Albi,France
France,Annecy,(NCY) - Annecy,France
France,Aurillac,(AUR) - Aurillac,France
France,Bastia,(BIA) - Bastia,France
France,Biarritz,(BIQ) - Biarritz,France
France,Bordeaux,(BOD) - Bordeaux - Bordeaux Airport,France
France,Brest,(BES) - Brest,France
France,Calvi,(CLY) - Calvi,France
France,Chambery,(CMF) - Chambery,France
France,Clermont Ferrand,(CFE) - Clermont Ferrand,France
France,Dinard,(DNR) - Dinard,France
France,Figari,(FSC) - Figari,France
France,Frejus,(FRJ) - Frejus,France
France,Grenoble,(GNB) - Grenoble,France
France,La Rochelle,(LRH) - La Rochelle,France
France,Lannion,(LAI) - Lannion,France
France,Lille,(LIL) - Lille - Lille Airport,France
France,Limoges,(LIG) - Limoges,France
France,Lorient,(LRT) - Lorient,France
France,Lourdes/Tarbes,(LDE) - Lourdes/Tarbes,France
France,Lyon,(LYS) - Lyon - Lyon-Saint Exupéry Airport official website,France
France,Marseille,(MRS) - Marseille - Marseille Provence Airport,France
France,Metz,(MZM) - Metz -  Frescaty,France
France,Montpellier - Frejorgues,(MPL) - Montpellier - Montpellier–Méditerranée Airport,France
France,Mulhouse,(MLH) - Mulhouse,France
France,Nancy,(ENC) - Nancy,France
France,Nantes,(NTE) - Nantes - Nantes Atlantique Airport,France
France,Nice - Cote D'Azur,(NCE) - Nice - Cote D'Azur Airport,France
France,Nimes,(FNI) - Nimes,France
France,Paris,(PAR) - Paris,France
France,Paris - Charles de Gaulle,(CDG) - Paris - Charles de Gaulle,France
France,Paris - Le Bourget,(LBG) - Paris - Le Bourget,France
France,Paris - Orly,(ORY) - Paris - Orly,France
France,Pau,(PUF) - Pau,France
France,Perpignan,(PGF) - Perpignan,France
France,Quimper,(UIP) - Quimper,France
France,Rennes,(RNS) - Rennes,France
France,Roanne,(RNE) - Roanne,France
France,Rodez,(RDZ) - Rodez,France
France,Saint Brieuc,(SBK) - Saint Brieuc,France
France,St. Etienne,(EBU) - St. Etienne,France
France,Strassburg,(SXB) - Strasbourg - Strasbourg Airport,France
France,Toulouse - Blagnac,(TLS) - Toulouse - Blagnac Airport,France
Germany,Augsburg,(AGB) - Augsburg - Augsbur gAirport,Germany
Germany,Bayreuth,(BYU) - Bayreuth - Bindlacher-Berg,Germany
Germany,Bremen,(BRE) - Bremen - Bremen Airport (Flughafen Bremen),Germany
Germany,Cologne (Koeln)/Bonn,(CGN) - Cologne - Cologne Airport (Flughafen Köln/Bonn),Germany
Germany,Dortmund,(DTM) - Dortmund,Germany
Germany,Duesseldorf,(DUS) - Duesseldorf - Düsseldorf International Airport,Germany
Germany,Erfurt,(ERF) - Erfurt - Erfurt Airport (Flughafen Erfurt),Germany
Germany,Frankfurt/Main Int'l Airport,(FRA) - Frankfurt/Main - Frankfurt Airport (Rhein-Main-Flughafen),Germany
Germany,Frankfurt/Hahn,(HNN) - HNN,Germany
Germany,Friedrichshafen,(FDH) - Friedrichshafen - Bodensee-Airport Friedrichshafen,Germany
Germany,Hannover,(HAJ) - Hannover,Germany
Germany,Hof,(HOQ) - Hof,Germany
Germany,Karlsruhe-Baden - Soellingen,(FKB) - Karlsruhe-Baden - Soellingen,Germany
Germany,Kiel - Holtenau,(KEL) - Kiel - Holtenau,Germany
Germany,"Köln, Köln/Bonn",(CGN) - Cologne - Cologne Airport (Flughafen Köln/Bonn),Germany
Germany,Leipzig,(LEJ) - Leipzig,Germany
Germany,Muenchen (Munich) - Franz Josef Strauss,(MUC) - Muenchen (Munich) - Franz Josef Strauss,Germany
Germany,Muenster/Osnabrueck,(FMO) - Muenster/Osnabrueck,Germany
Germany,Muenster/Osnabrueck,(MSR) - Mus,Germany
Germany,Nürnberg (Nuremberg),(NUE) - Nürnberg (Nuremberg),Germany
Germany,Paderborn/Lippstadt,(PAD) - Paderborn/Lippstadt,Germany
Germany,Saarbruecken,(SCN) - Saarbruecken,Germany
Germany,Stuttgart - Echterdingen,(STR) - Stuttgart - Echterdingen,Germany
Germany,Westerland,"(GWT) - Westerland, Sylt Airport",Germany
Germany,"Wiesbaden, Air Base","(WIE) - Wiesbaden, Air Base",Germany
Gibraltar,Gibraltar,(GIB) - Gibraltar,Gibraltar
Greece,Araxos,(GPA) - Araxos,Greece
Greece,Chania,(CHQ) - Chania,Greece
Greece,Chios,(JKH) - Chios,Greece
Greece,Heraklion,(HER) - Heraklion,Greece
Greece,Kalamata,(KLX) - Kalamata,Greece
Greece,Karpathos,(AOK) - Karpathos,Greece
Greece,Kavalla,(KVA) - Kavalla,Greece
Greece,Preveza/Lefkas,(PVK) - Preveza/Lefkas,Greece
Greece,Saloniki,(SKG) - Saloniki,Greece
Greece,Samos,(SMI) - Samos,Greece
Greece,Skiathos,(JSI) - Skiathos,Greece
Greece,Thira,(JTR) - Thira,Greece
Greece,Zakynthos,(ZTH) - Zakynthos,Greece
Iceland,Christmas Line,(CXI) - Kiritimati (island) - Cassidy International Airport,Iceland
Iceland,Egilsstadir,(EGS) - Egilsstadir,Iceland
Iceland,Reykjavik - Metropolitan Area,(REK) - Reykjavik - Metropolitan Area,Iceland
Iceland,Reykjavik - Keflavik International,(KEF) - Reykjavik - Keflavik International,Iceland
Ireland,Sligo,(SXL) - Sligo,Ireland
Italy,Alghero Sassari,(AHO) - Alghero Sassari,Italy
Italy,Ancona,(AOI) - Ancona - Ancona Falconara Airport,Italy
Italy,Bari,(BRI) - Bari,Italy
Italy,Bergamo,(BGY) - Bergamo/Milan - Orio Al Serio,Italy
Italy,Bologna,(BLQ) - Bologna,Italy
Italy,"Brescia, Montichiari","(VBS) - Brescia, Montichiari",Italy
Italy,Brindisi,(BDS) - Brindisi,Italy
Italy,Catania,(CTA) - Catania,Italy
Italy,Florence,(FLR) - Florence (Firenze) - Peretola Airport,Italy
Italy,Genoa,(GOA) - Genoa,Italy
Italy,Lamezia Terme,(SUF) - Lamezia Terme,Italy
Italy,Lampedusa,(LMP) - Lampedusa,Italy
Italy,Milan,(MIL) - Milan,Italy
Italy,Milan - Linate,(LIN) - Milan - Linate,Italy
Italy,Milan - Malpensa,(MXP) - Milan - Malpensa,Italy
Italy,Milan - Orio Al Serio,(BGY) - Bergamo/Milan - Orio Al Serio,Italy
Italy,Naples,(NAP) - Naples - Naples Capodichino Airport,Italy
Italy,Olbia,(OLB) - Olbia,Italy
Italy,Palermo - Punta Raisi,(PMO) - Palermo - Punta Raisi,Italy
Italy,Pantelleria,(PNL) - Pantelleria,Italy
Italy,Perugia,(PEG) - Perugia,Italy
Italy,Pescara,(PSR) - Pescara,Italy
Italy,Pisa - Gal Galilei,(PSA) - Pisa - Galileo Galilei,Italy
Italy,Reggio Calabria,(REG) - Reggio Calabria,Italy
Italy,Rimini,(RMI) - Rimini,Italy
Italy,Rome,(ROM) - Rome,Italy
Italy,Rome - Ciampino,(CIA) - Rome - Ciampino,Italy
Italy,Rome - Fuimicino,(FCO) - Rome - Fuimicino,Italy
Italy,Trapani,(TPS) - Trapani,Italy
Italy,Treviso,(TSF) - Treviso,Italy
Italy,Trieste,(TRS) - Trieste,Italy
Italy,Turin,(TRN) - Turin,Italy
Italy,Venice - Marco Polo,(VCE) - Venice - Marco Polo,Italy
Italy,Verona (Brescia) Montichiari,"(VBS) - Brescia, Montichiari",Italy
Italy,Verona,(VRN) - Verona,Italy
Luxembourg,Luxembourg,(LUX) - Luxembourg,Luxembourg
Netherlands,"Amsterdam, Schiphol",(AMS) - Amsterdam - Amsterdam Airport Schiphol,Netherlands
Netherlands,Den Haag (The Hague),(HAG) - Den Haag (The Hague),Netherlands
Netherlands,Eindhoven,(EIN) - Eindhoven,Netherlands
Netherlands,Lelystad,(LEY) - Lelystad,Netherlands
Netherlands,Maastricht/Aachen,(MST) - Maastricht/Aachen,Netherlands
Netherlands,Rotterdam,(RTM) - Rotterdam,Netherlands
Norway,Alesund,(AES) - Alesund,Norway
Norway,Alta,(ALF) - Alta,Norway
Norway,Bardufoss,(BDU) - Bardufoss,Norway
Norway,Bodo,(BOO) - Bodo,Norway
Norway,Broennoeysund,(BNN) - Broennoeysund,Norway
Norway,Evenes,(EVE) - Evenes,Norway
Norway,Floro,(FRO) - Floro,Norway
Norway,Hammerfest,(HFT) - Hammerfest,Norway
Norway,Haugesund,(HAU) - Haugesund,Norway
Norway,Kirkenes,(KKN) - Kirkenes,Norway
Norway,Kristiansand,(KRS) - Kristiansand,Norway
Norway,Kristiansund,(KSU) - Kristiansund,Norway
Norway,Lakselv,(LKL) - Lakselv,Norway
Norway,Sogndal,(SOG) - Sogndal,Norway
Norway,Stavanger,(SVG) - Stavanger,Norway
Norway,Tromsoe,(TOS) - Tromsoe,Norway
Norway,Trondheim,(TRD) - Trondheim,Norway
Poland,Gdansk,(GDN) - Gdansk,Poland
Poland,"Poznan, Lawica","(POZ) - Poznan, Lawica",Poland
Poland,Stettin,(SZZ) - Stettin,Poland
Portugal,Faro,(FAO) - Faro,Portugal
Portugal,Funchal,(FNC) - Funchal,Portugal
Portugal,Horta,(HOR) - Horta,Portugal
Portugal,Porto,(OPO) - Porto,Portugal
Portugal,Porto Santo,(PXO) - Porto Santo,Portugal
Portugal,Santa Maria,(SMA) - Santa Maria,Portugal
Portugal,Terceira,(TER) - Terceira,Portugal
Spain,Alicante,(ALC) - Alicante,Spain
Spain,Almeria,(LEI) - Almeria,Spain
Spain,Arrecife/Lanzarote,(ACE) - Arrecife/Lanzarote,Spain
Spain,Badajoz,(BJZ) - Badajoz,Spain
Spain,Barcelona,(BCN) - Barcelona,Spain
Spain,Bilbao,(BIO) - Bilbao,Spain
Spain,Cordoba,(ODB) - Cordoba,Spain
Spain,Fuerteventura,(FUE) - Fuerteventura,Spain
Spain,Gerona,(GRO) - Gerona,Spain
Spain,Granada,(GRX) - Granada,Spain
Spain,Jerez de la Frontera/Cadiz,(XRY) - Jerez de la Frontera/Cadiz - La Parra,Spain
Spain,La Coruna,(LCG) - La Coruna,Spain
Spain,Las Palmas,(LPA) - Las Palmas,Spain
Spain,Madrid - Barajas,(MAD) - Madrid - Barajas Airport,Spain
Spain,Mahon,(MAH) - Mahon,Spain
Spain,Malaga,(AGP) - Malaga,Spain
Spain,Murcia,(MJV) - Murcia,Spain
Spain,Oviedo,(OVD) - Oviedo,Spain
Spain,Reus,(REU) - Reus,Spain
Spain,San Sebastian,(EAS) - San Sebastian,Spain
Spain,Santa Cruz de la Palma,(SPC) - Santa Cruz de la Palma,Spain
Spain,Santander,(SDR) - Santander,Spain
Spain,Santiago de Compostela,(SCQ) - Santiago de Compostela,Spain
Spain,Tenerife,(TCI) - Tenerife,Spain
Spain,Tenerife - Sur Reina Sofia,(TFS) - Reina Sofia,Spain
Spain,Tenerife - Norte Los Rodeos,(TFN) - Los Rodeos,Spain
Spain,Valladolid,(VLL) - Valladolid,Spain
Spain,Valverde,(VDE) - Valverde,Spain
Spain,Vigo,(VGO) - Vigo,Spain
Spain,Vitoria,(VIT) - Vitoria,Spain
Spain,Zaragoza,(ZAZ) - Zaragoza,Spain
Svalbard/Norway,Longyearbyen - Svalbard,(LYR) - Longyearbyen - Svalbard,Svalbard/Norway
Sweden,Helsingborg,(JHE) - Helsingborg,Sweden
Sweden,Joenkoeping,(JKG) - Jönköping (Jonkoping) - Axamo Airport,Sweden
Sweden,Kalmar,(KLR) - Kalmar,Sweden
Sweden,Karlstad,(KSD) - Karlstad,Sweden
Sweden,Kiruna,(KRN) - Kiruna,Sweden
Sweden,Kristianstad,(KID) - Kristianstad,Sweden
Sweden,Lidkoeping,(LDK) - Lidkoeping,Sweden
Sweden,Lulea,(LLA) - Lulea,Sweden
Sweden,Malmo (Malmoe),(MMA) - Malmo (Malmoe),Sweden
Sweden,Malmo (Malmoe) - Sturup,(MMX) - Malmo (Malmö) - Malmö Airport,Sweden
Sweden,Norrkoeping,(NRK) - Norrkoeping,Sweden
Sweden,Oerebro,(ORB) - Oerebro,Sweden
Sweden,Ronneby,(RNB) - Ronneby,Sweden
Sweden,Sundsvall,(SDL) - Sundsvall,Sweden
Sweden,Vaexjoe,(VXO) - Vaexjoe,Sweden
Sweden,Vasteras,(VST) - Vasteras,Sweden
Sweden,Visby,(VBY) - Visby,Sweden
Switzerland,Altenrhein,(ACH) - Altenrhein,Switzerland
Switzerland,Basel,(BSL) - Basel,Switzerland
Switzerland,Bern,"(BRN) - Berne, Bern-Belp",Switzerland
Switzerland,Bern,"(ZDJ) - Berne, Railway Service",Switzerland
Switzerland,Geneva,(GVA) - Geneva - Geneva-Cointrin International Airport,Switzerland
Switzerland,Lugano,(LUG) - Lugano,Switzerland
Switzerland,Zurich (Zürich) - Kloten,(ZRH) - Zurich (Zürich) - Kloten,Switzerland
Switzerland/France,Basel/Mulhouse,(EAP) - Basel/Mulhouse,Switzerland/France
Teneriffa/Spain,Los Rodeos,(TFN) - Los Rodeos,Teneriffa/Spain
Teneriffa/Spain,Reina Sofia,(TFS) - Reina Sofia,Teneriffa/Spain
UK,"Sheffield, City Airport","(SZD) - Sheffield, City Airport",UK
United Kingdom,Aberdeen,(ABZ) - Aberdeen,United Kingdom
United Kingdom,Birmingham,(BHX) - Birmingham - Birmingham International Airport,United Kingdom
United Kingdom,Bristol,(BRS) - Bristol,United Kingdom
United Kingdom,Cambrigde,(CBG) - Cambrigde,United Kingdom
United Kingdom,Cardiff,(CWL) - Cardiff - Cardiff Airport,United Kingdom
United Kingdom,Derby (East Midlands),(EMA) - Nottingham - East Midlands,United Kingdom
United Kingdom,Derry (Londonderry),(LDY) - Derry (Londonderry),United Kingdom
United Kingdom,Edinburgh,(EDI) - Edinburgh - Edinburgh Airport,United Kingdom
United Kingdom,Guernsey,(GCI) - Guernsey,United Kingdom
United Kingdom,Humberside,(HUY) - Humberside,United Kingdom
United Kingdom,Isle of Man,(IOM) - Isle of Man,United Kingdom
United Kingdom,Jersey,(JER) - Jersey,United Kingdom
United Kingdom,Leeds/Bradford,(LBA) - Leeds/Bradford,United Kingdom
United Kingdom,Liverpool,(LPL) - Liverpool,United Kingdom
United Kingdom,London,(LON) - London Metropolitan Area,United Kingdom
United Kingdom,London - City Airport,(LCY) - London - City Airport,United Kingdom
United Kingdom,London - Gatwick,(LGW) - London - Gatwick,United Kingdom
United Kingdom,London - Heathrow,(LHR) - London - Heathrow,United Kingdom
United Kingdom,London - Luton,(LTN) - London - Luton,United Kingdom
United Kingdom,London - Stansted,(STN) - London - Stansted,United Kingdom
United Kingdom,Manchester,(MAN) - Manchester,United Kingdom
United Kingdom,Newcastle,(NCL) - Newcastle,United Kingdom
United Kingdom,Orkney,(KOI) - Kirkwall (Orkney),United Kingdom
United Kingdom,Southampton - Eastleigh,(SOU) - Southampton - Eastleigh,United Kingdom
United Kingdom,Southend,(SEN) - Southend (London),United Kingdom
United Kingdom,Stansted (London),(STN) - London - Stansted,United Kingdom
United Kingdom,Stornway,(SYY) - Stornway,United Kingdom
United Kingdom,Sumburgh (Shetland),(LSI) - Sumburgh (Shetland),United Kingdom
United Kingdom,"Teesside, Durham Tees Valley","(MME) - Teesside, Durham Tees Valley",United Kingdom
United Kingdom,Wick,(WIC) - Wick,United Kingdom
Israel,Jerusalem,(JRS) - Jerusalem - Atarot Airport (closed),Israel
Israel,Tel Aviv - Ben Gurion Int'l,(TLV) - Tel Aviv - Ben Gurion International,Israel
Lebanon,Beirut,(BEY) - Beirut - Beirut Rafic Hariri International Airport,Lebanon
Turkey,Istanbul - Ataturk,(IST) - Istanbul - Istanbul Atatürk Airport,Turkey
Turkey,Izmir,(IZM) - Izmir,Turkey
Afghanistan,Kabul - Khwaja Rawash,(KBL) - Kabul - Khwaja Rawash Airport,Afghanistan
Bahrain,Bahrain,(BAH) - Bahrain - Bahrain International Airport,Bahrain
Iran,Abadan,(ABD) - Abadan,Iran
Iran,Tehran (Teheran) - Mehrabad,(THR) - Tehran (Teheran) - Mehrabad,Iran
Iraq,"Bagdad, Al Muthana",(BGW) - Bagdad - Baghdad International Airport,Iraq
Iraq,"Bagdad, Saddam International",(SDA) - SDA,Iraq
Iraq,"Basra, Basrah","(BSR) - Basra, Basrah",Iraq
Iraq,Kirkuk,(KIK) - Kirkuk,Iraq
Iraq,Mosul,(OSM) - Mosul,Iraq
Israel,Elat,(ETH) - Elat,Israel
Israel,"Elat, Ovula","(VDA) - Elat, Ovula",Israel
Israel,Haifa,(HFA) - Haifa,Israel
Jordan,"Amman, Queen Alia Intl",(AMM) - Amman - Queen Alia International Airport,Jordan
Jordan,"Amman, Civil - Marka Airport",(ADJ) - Amman - Amman-Marka International Airport,Jordan
Jordan,Aqaba,(AQJ) - Aqaba,Jordan
Kuwait,Kuwait - Kuwait Int'l,(KWI) - Kuwait - Kuwait International,Kuwait
Lebanon,Jounieh,(GJN) - GJN,Lebanon
Oman,Muscat - Seeb,(MCT) - Muscat - Seeb,Oman
Oman,Salalah,(SLL) - Salalah,Oman
Pakistan,Bahawalpur,(BHV) - Bahawalpur,Pakistan
Pakistan,Bannu,(BNP) - Bannu,Pakistan
Pakistan,Chitral,(CJL) - Chitral,Pakistan
Pakistan,Dera Ismail Khan,(DSK) - Dera Ismail Khan - Dera Ismail Khan Airport,Pakistan
Pakistan,Faisalabad,(LYP) - Faisalabad,Pakistan
Pakistan,Gilgit,(GIL) - Gilgit,Pakistan
Pakistan,Gwadar,(GWD) - Gwadar,Pakistan
Pakistan,Hyderabad,(HDD) - Hyderabad,Pakistan
Pakistan,Islamabad - Islamabad Int'l,(ISB) - Islamabad - Benazir Bhutto International Airport,Pakistan
Pakistan,Jacobabad,(JAG) - Jacobabad,Pakistan
Pakistan,Jiwani,(JIW) - Jiwani,Pakistan
Pakistan,Karachi - Quaid-E-Azam Int'l,(KHI) - Karachi - Jinnah International Airport,Pakistan
Pakistan,Khuzdar,(KDD) - Khuzdar,Pakistan
Pakistan,Kohat,(OHT) - Kohat,Pakistan
Pakistan,Lahore,(LHE) - Lahore,Pakistan
Pakistan,Mianwali,(MWD) - Mianwali,Pakistan
Pakistan,Mirpur,(QML) - Mirpur,Pakistan
Pakistan,Moenjodaro,(MJD) - Moenjodaro,Pakistan
Pakistan,Multan,(MUX) - Multan,Pakistan
Pakistan,Muzaffarabad,(MFG) - Muzaffarabad,Pakistan
Pakistan,Nawab Shah,(WNS) - Nawab Shah,Pakistan
Pakistan,Panjgur,(PJG) - Panjgur,Pakistan
Pakistan,Pasni,(PSI) - Pasni,Pakistan
Pakistan,Peshawar,(PEW) - Peshawar,Pakistan
Pakistan,Quetta,(UET) - Quetta,Pakistan
Pakistan,Rahim Yar Khan,(RYK) - Rahim Yar Khan - Shaikh Zayed International Airport,Pakistan
Pakistan,Rawala Kot,(RAZ) - Rawala Kot,Pakistan
Pakistan,Rawalpindi,(RWP) - Rawalpindi,Pakistan
Pakistan,Saidu Sharif,(SDT) - Saidu Sharif,Pakistan
Pakistan,Sindhri,(MPD) - Sindhri,Pakistan
Pakistan,Skardu,(KDU) - Skardu,Pakistan
Pakistan,Sui,(SUL) - Sui,Pakistan
Pakistan,Sukkur,(SKZ) - Sukkur,Pakistan
Pakistan,Turbat,(TUK) - Turbat,Pakistan
Pakistan,Zhob,(PZH) - Zhob,Pakistan
Qatar,Doha,(DOH) - Doha - Doha International Airport,Qatar
Turkey,Adana,(ADA) - Adana,Turkey
Turkey,Ankara,(ANK) - Ankara,Turkey
Turkey,Antalya,(AYT) - Antalya,Turkey
Turkey,Dalaman,(DLM) - Dalaman,Turkey
Turkmenistan,"Ashgabat, Ashkhabat",(ASB) - Ashgabat - Saparmurat Turkmenbashy Int. Airport,Turkmenistan
UAE,Abu Dhabi,(AUH) - Abu Dhabi - Abu Dhabi International,UAE
UAE,Alfujairah (Fujairah),(FJR) - Alfujairah (Fujairah),UAE
UAE,Dubai,(DXB) - Dubai - Dubai International Airport,UAE
UAE,Ras al Khaymah (Ras al Khaimah),(RKT) - Ras al Khaymah (Ras al Khaimah),UAE
UAE,Sharjah,(SHJ) - Sharjah,UAE
United Arab Emirates,Al Ain,(AAN) - Al Ain,United Arab Emirates
United Arab Emirates,"Fujairah, Int'l Airport",(FJR) - Alfujairah (Fujairah),United Arab Emirates
Saudi Arabia,Dhahran,(DHA) - Dhahran,Saudi Arabia
Saudi Arabia,Jeddah - King Abdulaziz Int'l,(JED) - Jeddah - King Abdulaziz International,Saudi Arabia
Saudi Arabia,Khamis Mushayat,(AHB) - Khamis Mushayat,Saudi Arabia
Saudi Arabia,"Madinah, Mohammad Bin Abdulaziz",(MED) - Madinah (Medina) - Mohammad Bin Abdulaziz,Saudi Arabia
Saudi Arabia,Medina,(MED) - Madinah (Medina) - Mohammad Bin Abdulaziz,Saudi Arabia
Saudi Arabia,Riyadh - King Khaled Int'l,(RUH) - Riyadh - King Khaled International,Saudi Arabia
Saudi Arabia,Tabuk,(TUU) - Tabuk,Saudi Arabia
Saudi Arabia,Taif,(TIF) - Taif,Saudi Arabia
Saudi Arabia,Yanbu,(YNB) - Yanbu,Saudi Arabia
Saudi Arabien,"Dammam, King Fahad Int'l","(DMM) - Dammam, King Fahad International",Saudi Arabien
Syria,Aleppo,(ALP) - Aleppo,Syria
Syria,"Damascus, International","(DAM) - Damascus, International",Syria
Yemen,Aden,(ADE) - Aden - Aden International Airport,Yemen
Yemen,Sanaa (Sana'a) - Sana'a International,(SAH) - Sanaa (Sana'a) - Sana'a International,Yemen
Canada,"Attawapiskat, NT","(YAT) - Attawapiskat, NT",Canada
Canada,"Bonaventure, PQ","(YVB) - Bonaventure, PQ",Canada
Canada,Calgary/Banff,(YYC) - Calgary - Calgary International Airport,Canada
Canada,Cambridge Bay,(YCB) - Cambridge Bay,Canada
Canada,Churchill,(YYQ) - Churchill,Canada
Canada,Cienfuegos,(CFG) - Cienfuegos - Jaime González Airport,Canada
Canada,Deer Lake/Corner Brook,(YDF) - Deer Lake/Corner Brook,Canada
Canada,Edmonton,(YEA) - Edmonton,Canada
Canada,"Edmonton, International","(YEG) - Edmonton, International",Canada
Canada,"Edmonton, Municipal","(YXD) - Edmonton, Municipal",Canada
Canada,Flin Flon,(YFO) - Flin Flon,Canada
Canada,Fort Albert,(YFA) - Fort Albert,Canada
Canada,Fort McMurray,(YMM) - Fort McMurray,Canada
Canada,Fort Smith,(YSM) - Fort Smith,Canada
Canada,Fort St. John,(YXJ) - Fort St. John,Canada
Canada,Fredericton,(YFC) - Fredericton,Canada
Canada,Gander,(YQX) - Gander,Canada
Canada,Gillam,(YGX) - Gillam,Canada
Canada,Goose Bay,(YYR) - Goose Bay,Canada
Canada,Halifax Int'l,(YHZ) - Halifax International,Canada
Canada,Hall Beach,(YUX) - Hall Beach,Canada
Canada,Hamilton,(YHM) - Hamilton,Canada
Canada,"Harrington Harbour, PQ","(YHR) - Harrington Harbour, PQ",Canada
Canada,Inuvik,(YEV) - Inuvik,Canada
Canada,Iqaluit (Frobisher Bay),(YFB) - Iqaluit (Frobisher Bay),Canada
Canada,"Kaschechawan, PQ","(ZKE) - Kaschechawan, PQ",Canada
Canada,"Kelowna, BC","(YLW) - Kelowna, BC",Canada
Canada,Kuujjuaq (FortChimo),(YVP) - Kuujjuaq (FortChimo),Canada
Canada,Kuujjuarapik,(YGW) - Kuujjuarapik,Canada
Canada,"Lac Brochet, MB","(XLB) - Lac Brochet, MB",Canada
Canada,La Grande,(YGL) - La Grande,Canada
Canada,Leaf Rapids,(YLR) - Leaf Rapids,Canada
Canada,London,(YXU) - London,Canada
Canada,Moncton,(YQM) - Moncton,Canada
Canada,Montreal,(YMQ) - Montreal,Canada
Canada,Montreal - Dorval (Montréal-Trudeau),(YUL) - Montreal - Dorval (Montréal-Trudeau),Canada
Canada,Montreal - Mirabel,(YMX) - Montreal - Mirabel,Canada
Canada,Nanisivik,(YSR) - Nanisivik,Canada
Canada,Norman Wells,(YVQ) - Norman Wells,Canada
Canada,Ottawa - Hull,(YOW) - Ottawa - Hull,Canada
Canada,"Port Menier, PQ","(YPN) - Port Menier, PQ",Canada
Canada,Prince George,(YXS) - Prince George,Canada
Canada,Prince Rupert/Digby Island,(YPR) - Prince Rupert/Digby Island,Canada
Canada,Pukatawagan,(XPK) - Pukatawagan,Canada
Canada,Quebec - Quebec Int'l,(YQB) - Quebec - Quebec International,Canada
Canada,"Rainbow Lake, AB","(YOP) - Rainbow Lake, AB",Canada
Canada,Regina,(YQR) - Regina,Canada
Canada,Resolute Bay,(YRB) - Resolute Bay,Canada
Canada,Saint John,(YSJ) - Saint John,Canada
Canada,Sandspit,(YZP) - Sandspit,Canada
Canada,Saskatoon,(YXE) - Saskatoon,Canada
Canada,"Shamattawa, MB","(ZTM) - Shamattawa, MB",Canada
Canada,Smithers,(YYD) - Smithers,Canada
Canada,"South Indian Lake, MB","(XSI) - South Indian Lake, MB",Canada
Canada,"St. Augustin, PQ","(YIF) - St. Augustin, PQ",Canada
Canada,St. John's,(YYT) - St. John's,Canada
Canada,"St. Pierre, NF","(FSP) - St. Pierre, NF",Canada
Canada,Terrace,(YXT) - Terrace,Canada
Canada,The Pas,(YQD) - The Pas,Canada
Canada,Thompson,(YTH) - Thompson,Canada
Canada,Thunder Bay,(YQT) - Thunder Bay,Canada
Canada,Toronto Island,(YTZ) - Toronto - Billy Bishop Toronto City Airport,Canada
Canada,Toronto - Lester B. Pearson,(YYZ) - Toronto - Toronto Pearson International Airport,Canada
Canada,Toronto,(YTO) - Toronto,Canada
Canada,Val d'Or,(YVO) - Val d'Or,Canada
Canada,Vancouver - Vancouver Int'l,(YVR) - Vancouver - Vancouver International,Canada
Canada,Victoria,(YYJ) - Victoria,Canada
Canada,Wabush,(YWK) - Wabush,Canada
Canada,"Whale Cove, NT","(YXN) - Whale Cove, NT",Canada
Canada,Whitehorse,(YXY) - Whitehorse,Canada
Canada,Windsor Ontario,(YQG) - Windsor Ontario,Canada
Canada,Winnipeg Int'l,(YWG) - Winnipeg International,Canada
Canada,Yellowknife,(YZF) - Yellowknife,Canada
Greenland,Narsarsuaq,(UAK) - Narsarsuaq,Greenland
Greenland,Soendre Stroemfjord,(SFJ) - Soendre Stroemfjord,Greenland
Mexico,Acapulco,(ACA) - Acapulco,Mexico
Mexico,Aguascaliente,(AGU) - Aguascaliente,Mexico
Mexico,Cancun,(CUN) - Cancun,Mexico
Mexico,Chichen Itza,(CZA) - Chichen Itza,Mexico
Mexico,"Chihuahua, Gen Fierro Villalobos",(CUU) - Chihuahua - Gen Fierro Villalobos,Mexico
Mexico,Ciudad Del Carmen,(CME) - Ciudad Del Carmen,Mexico
Mexico,Ciudad Juarez,(CJS) - Ciudad Juarez,Mexico
Mexico,Ciudad Obregon,(CEN) - Ciudad Obregon,Mexico
Mexico,Ciudad Victoria,(CVM) - Ciudad Victoria,Mexico
Mexico,Colima,(CLQ) - Colima,Mexico
Mexico,Cozmel,(CZM) - Cozmel,Mexico
Mexico,Culiacan,(CUL) - Culiacan,Mexico
Mexico,Guadalajara,(GDL) - Guadalajara,Mexico
Mexico,Hermosillo - Gen. Pesqueira Garcia,(HMO) - Hermosillo - Gen. Pesqueira Garcia,Mexico
Mexico,Huatulco,(HUX) - Huatulco,Mexico
Mexico,Ixtapa/Zihuatenejo,(ZIH) - Ixtapa/Zihuatenejo,Mexico
Mexico,La Paz - Leon,(LAP) - La Paz - Leon,Mexico
Mexico,Lazaro Cardenas,(LZC) - Lazaro Cardenas,Mexico
Mexico,Leon,(BJX) - Leon,Mexico
Mexico,Loreto,(LTO) - Loreto,Mexico
Mexico,Los Cabos,(SJD) - Los Cabos,Mexico
Mexico,Los Mochis,(LMM) - Los Mochis,Mexico
Mexico,Manzanillo,(ZLO) - Manzanillo,Mexico
Mexico,Mazatlan,(MZT) - Mazatlan,Mexico
Mexico,Merida,(MID) - Merida,Mexico
Mexico,Mexicali,(MXL) - Mexicali,Mexico
Mexico,Mexico City,(MEX) - Mexico City - Mexico City International Airport,Mexico
Mexico,Mexico City - Juarez International,(MEX) - Mexico City - Mexico City International Airport,Mexico
Mexico,Minatitlan,(MTT) - Minatitlan,Mexico
Mexico,Monterrey,(MTY) - Monterrey - Gen. Mariano Escobedo,Mexico
Mexico,Monterrey - Aeropuerto Del Norte,(NTR) - Monterrey - Aeropuerto Del Norte,Mexico
Mexico,Morelia,(MLM) - Morelia,Mexico
Mexico,Nuevo Laredo,(NLD) - Nuevo Laredo,Mexico
Mexico,Oaxaca,(OAX) - Oaxaca - Xoxocotlan,Mexico
Mexico,Puebla,(PBC) - Puebla,Mexico
Mexico,Puerto Escondido,(PXM) - Puerto Escondido,Mexico
Mexico,Puerto Vallarta,(PVR) - Puerto Vallarta,Mexico
Mexico,San Jose Cabo,(SJD) - Los Cabos,Mexico
Mexico,San Luis Potosi,(SLP) - San Luis Potosi,Mexico
Mexico,Santa Rosalia,(SRL) - Santa Rosalia,Mexico
Mexico,Tampico - Gen. F. Javier Mina,(TAM) - Tampico - Gen. F. Javier Mina,Mexico
Mexico,Tijuana - Rodriguez,(TIJ) - Tijuana - Rodriguez,Mexico
Mexico,Tuxtla Gutierrez,(TGZ) - Tuxtla Gutierrez,Mexico
Mexico,Veracruz,(VER) - Veracruz,Mexico
Mexico,Villahermosa,(VSA) - Villahermosa,Mexico
Mexico,Zacatecas,(ZCL) - Zacatecas,Mexico
USA,"Aberdeen, SD",(ABR) - Aberdeen (SD),USA
USA,"Abilene, TX",(ABI) - Abilene (TX),USA
USA,"Akron, OH",(CAK) - Akron (OH),USA
USA,"Albany, GA",(ABY) - Albany (GA),USA
USA,"Albany, NY",(ALB) - Albany (NY) - Albany International Airport,USA
USA,"Albuquerque, NM",(ABQ) - Albuquerque (NM),USA
USA,"Alexandria, La",(ESF) - Alexandria - Esler Field,USA
USA,"Allentown, PA",(ABE) - Allentown (PA),USA
USA,"Altoona, PA",(AOO) - Altoona (PA),USA
USA,"Amarillo, TX",(AMA) - Amarillo (TX),USA
USA,"Anchorage, AK",(ANC) - Anchorage (AK) - Ted Stevens Anchorage International,USA
USA,"Ann Arbor, MI",(ARB) - Ann Arbor (MI),USA
USA,"Anniston, AL",(ANB) - Anniston (AL),USA
USA,"Appelton/Neenah/Menasha, WI",(ATW) - Appelton/Neenah/Menasha (WI),USA
USA,"Asheville, NC",(AVL) - Asheville (NC),USA
USA,"Aspen Snowmass, CO","(ASE) - Aspen, (CO) - Aspen-Pitkin County Airport",USA
USA,"Athens, GA",(AHN) - Athens (GA),USA
USA,"Athens, OH",(ATO) - Athens (OH),USA
USA,"Atlanta, Hartsfield Atlanta Int'l Airport",(ATL) - Atlanta (GA) - Hartsfield Atlanta International Airport,USA
USA,"Atlantic City, NJ",(ACY) - Atlantic City (NJ) - Atlantic City International,USA
USA,"Augusta, GA",(AGS) - Augusta (GA),USA
USA,"Augusta, ME",(AUG) - Augusta (ME) - Augusta State Airport,USA
USA,"Austin, TX",(AUS) - Austin (TX) - Austin-Bergstrom Airport,USA
USA,"Bakersfield, CA",(BFL) - Bakersfield (CA),USA
USA,Baltimore Washington Int'l Airport; MD,(BWI) - Baltimore (MD) - Washington International Airport,USA
USA,"Bangor, ME",(BGR) - Bangor (ME),USA
USA,"Baton Rouge, La",(BTR) - Baton Rouge (LA) - Baton Rouge Metropolitan Airport,USA
USA,"Beaumont/Pt. Arthur, TX",(BPT) - Beaumont/Pt. Arthur (TX),USA
USA,"Beckley, WV",(BKW) - Beckley (WV),USA
USA,"Bellingham, WA",(BLI) - Bellingham (WA),USA
USA,"Bemidji, MN",(BJI) - Bemidji (MN),USA
USA,"Benton Harbour, MI",(BEH) - Benton Harbour (MI),USA
USA,"Bethel, AK",(BET) - Bethel (AK),USA
USA,"Billings, MT",(BIL) - Billings (MT),USA
USA,"Birmingham, AL",(BHM) - Birmingham (AL),USA
USA,"Bismarck/Mandan, ND",(BIS) - Bismarck (ND) - Bismarck Municipal Airport,USA
USA,"Bloomington, IL",(BMI) - Bloomington (IL),USA
USA,"Bloomington, IN",(BMG) - Bloomington (IN),USA
USA,"Bluefield, WV",(BLF) - Bluefield (WV),USA
USA,"Boise, ID",(BOI) - Boise (ID) - Boise Air Terminal,USA
USA,"Borrego Springs, CA",(BXS) - Borrego Springs (CA),USA
USA,"Boston - Logan, MA",(BOS) - Boston (MA) - General Edward Lawrence Logan,USA
USA,"Bozeman, MT",(BZN) - Bozeman (MT),USA
USA,"Bradford/Warren, PA/Olean, NY",(BFD) - Bradford/Warren (PA) /Olean (NY),USA
USA,"Brainerd, MN",(BRD) - Brainerd (MN),USA
USA,"Bridgeport, CT",(BDR) - Bridgeport (CT),USA
USA,"Brookings, SD",(BKX) - Brookings (SD),USA
USA,"Brunswick, GA",(BQK) - Brunswick (GA),USA
USA,"Buffalo/Niagara Falls, NY",(BUF) - Buffalo/Niagara Falls (NY),USA
USA,"Bullhead City, NV",(BHC) - Bullhead City (NV),USA
USA,"Burbank, CA",(BUR) - Burbank (CA),USA
USA,"Burlington, IA",(BRL) - Burlington IA,USA
USA,"Burlington, VT",(BTV) - Burlington (VT),USA
USA,"Butte, MT",(BTM) - Butte (MT),USA
USA,"Carlsbad, CA",(CLD) - Carlsbad (CA),USA
USA,"Casper, WY",(CPR) - Casper (WY),USA
USA,"Cedar City, UT",(CDC) - Cedar City (UT),USA
USA,"Cedar Rapids, IA",(CID) - Cedar Rapids IA,USA
USA,"Champaign, IL",(CMI) - Champaign (IL),USA
USA,"Charleston, SC",(CHS) - Charleston (SC),USA
USA,"Charleston, WV",(CRW) - Charleston (WV) - Yeager Airport,USA
USA,"Charlotte, NC",(CLT) - Charlotte (NC),USA
USA,"Charlottesville, VA",(CHO) - Charlottesville (VA),USA
USA,"Chattanooga, TN",(CHA) - Chattanooga (TN),USA
USA,"Cheyenne, WY",(CYS) - Cheyenne (WY) - Cheyenne Regional Airport,USA
USA,"Chicago, Midway, IL","(MDW) - Chicago (IL), Midway",USA
USA,"Chicago O'Hare Int'l Airport, IL","(ORD) - Chicago (IL), O'Hare International Airport",USA
USA,"Chicago, IL",(CHI) - Chicago (IL),USA
USA,"Chico, CA",(CIC) - Chico (CA),USA
USA,"Cincinnati, OH",(CVG) - Cincinnati (OH) - Cincinnati/Northern Kentucky Int'l,USA
USA,"Clarksburg, WV",(CKB) - Clarksburg (WV),USA
USA,"Cleveland, Burke Lakefront, OH","(BKL) - Cleveland (OH) , Burke Lakefront",USA
USA,"Cleveland, Hopkins, OH",(CLE) - Cleveland (OH) - Cleveland Hopkins International,USA
USA,"Cody/Powell/Yellowstone, WY",(COD) - Cody/Powell/Yellowstone (WY),USA
USA,"Coffmann Cove, AK",(KCC) - Coffmann Cove (AK),USA
USA,"College Station/Bryan, TX",(CLL) - College Station/Bryan (TX),USA
USA,"Colorado Springs, CO",(COS) - Colorado Springs (CO),USA
USA,"Columbia, SC",(CAE) - Columbia (SC) - Columbia Metropolitan Airport,USA
USA,"Columbus, GA",(CSG) - Columbus (GA),USA
USA,"Columbus, OH",(CMH) - Columbus (OH) - Port Columbus International,USA
USA,"Concord, CA",(CCR) - Concord (CA) - Buchanan Field,USA
USA,"Cordova, AK",(CDV) - Cordova (AK),USA
USA,"Corpus Christi, TX",(CRP) - Corpus Christi (TX),USA
USA,"Craig, AK",(CGA) - Craig (AK),USA
USA,"Crescent City, CA",(CEC) - Crescent City (CA),USA
USA,"Dallas, Love Field, TX","(DAL) - Dallas (TX) , Love Field",USA
USA,"Dallas/Ft. Worth, TX",(DFW) - Dallas/Ft. Worth (TX) - Dallas/Fort Worth International,USA
USA,"Danville, VA",(DAN) - Danville (VA),USA
USA,"Dayton, OH",(DAY) - Dayton (OH),USA
USA,"Daytona Beach, FL",(DAB) - Daytona Beach (FL),USA
USA,"Decatur, IL",(DEC) - Decatur (IL),USA
USA,"Denver International Airport, CO",(DEN) - Denver (CO) - Denver International Airport,USA
USA,"Des Moines, IA",(DSM) - Des Moines (IA) - Des Moines International Airport,USA
USA,"Detroit City, MI","(DET) - Detroit (MI) , Coleman A. Young Municipal",USA
USA,"Detroit Metropolitan Wayne County Airport, MI","(DTW) - Detroit (MI) , Wayne County Airport",USA
USA,"Detroit Metropolitan Area, MI","(DTT) - Detroit (MI) , Metropolitan Area",USA
USA,"Devils Lake, ND",(DVL) - Devils Lake (ND),USA
USA,"Dillingham, AK",(DLG) - Dillingham (AK),USA
USA,"Dothan, AL",(DHN) - Dothan (AL),USA
USA,"Dubois, PA",(DUJ) - Dubois (PA),USA
USA,"Dubuque, IA",(DBQ) - Dubuque IA,USA
USA,"Duluth, MN/Superior, WI",(DLH) - Duluth (MN) /Superior (WI),USA
USA,"Durango, CO",(DRO) - Durango (CO),USA
USA,"Dutch Harbor, AK",(DUT) - Dutch Harbor (AK),USA
USA,"Eau Clarie, WI",(EAU) - Eau Clarie (WI),USA
USA,"El Paso, TX",(ELP) - El Paso (TX) - El Paso International Airport,USA
USA,"Elkhart, IN",(EKI) - Elkhart (IN),USA
USA,"Elko, NV",(EKO) - Elko (NV),USA
USA,"Elmira, NY",(ELM) - Elmira (NY),USA
USA,"Ely, NV",(ELY) - Ely (NV),USA
USA,"Erie, PA",(ERI) - Erie (PA),USA
USA,"Escabana, MI",(ESC) - Escanaba (MI),USA
USA,"Eugene, OR",(EUG) - Eugene (OR),USA
USA,"Eureka, CA",(ACV) - Eureka (CA),USA
USA,"Evansville, IN",(EVV) - Evansville (IN),USA
USA,"Fairbanks, AK",(FAI) - Fairbanks (AK),USA
USA,"Fargo, ND, MN",(FAR) - Fargo (ND) (MN),USA
USA,"Farmington, NM",(FMN) - Farmington (NM),USA
USA,"Fayetteville, AR",(FYV) - Fayetteville (AR),USA
USA,"Fayetteville/Ft. Bragg, NC",(FAY) - Fayetteville/Ft. Bragg (NC),USA
USA,"Flagstaff, AZ",(FLG) - Flagstaff (AZ),USA
USA,"Flint, MI",(FNT) - Flint (MI),USA
USA,"Florence, SC",(FLO) - Florence (SC),USA
USA,"Fort Dodge, IA",(FOD) - Fort Dodge IA,USA
USA,"Fort Huachuca/Sierra Vista, AZ",(FHU) - Fort Huachuca/Sierra Vista (AZ),USA
USA,"Fort Lauderdale/Hollywood, FL",(FLL) - Fort Lauderdale/Hollywood (FL),USA
USA,"Fort Myers, Metropolitan Area, FL","(FMY) - Fort Myers, Metropolitan Area (FL)",USA
USA,"Fort Myers, Southwest Florida Reg, FL","(RSW) - Fort Myers, Southwest Florida Reg (FL)",USA
USA,"Fort Smith, AR",(FSM) - Fort Smith (AR),USA
USA,"Fort Walton Beach, FL",(VPS) - Fort Walton Beach (FL),USA
USA,"Fort Wayne, IN",(FWA) - Fort Wayne (IN),USA
USA,"Franklin/Oil City, PA",(FKL) - Franklin/Oil City (PA),USA
USA,"Fresno, CA",(FAT) - Fresno (CA),USA
USA,"Gadsden, AL",(GAD) - Gadsden (AL),USA
USA,"Gainesville, FL",(GNV) - Gainesville (FL),USA
USA,"Gilette, WY",(GCC) - Gilette (WY),USA
USA,"Glasgow, MT",(GGW) - Glasgow (MT),USA
USA,"Glendive, MT",(GDV) - Glendive (MT),USA
USA,"Grand Canyon, AZ",(GCN) - Grand Canyon (AZ),USA
USA,"Grand Forks, ND",(GFK) - Grand Forks (ND),USA
USA,"Grand Junction, CO",(GJT) - Grand Junction (CO),USA
USA,"Grand Rapids, MI",(GRR) - Grand Rapids (MI),USA
USA,"Grand Rapids, MN",(GPZ) - Grand Rapids (MN),USA
USA,"Great Falls, MT",(GTF) - Great Falls (MT),USA
USA,"Green Bay, WI",(GRB) - Green Bay (WI),USA
USA,"Greenbrier/Lewisburg, WV",(LWB) - Greenbrier/Lewisburg (WV),USA
USA,"Greensboro/Winston Salem, NC",(GSO) - Greensboro/Winston Salem (NC),USA
USA,"Greenville, MS",(GLH) - Greenville (MS),USA
USA,"Greenville, NC",(PGV) - Greenville (NC),USA
USA,"Greenville/Spartanburg, SC",(GSP) - Greenville/Spartanburg (SC),USA
USA,"Groton/New London, CT",(GON) - Groton/New London (CT),USA
USA,"Gulfport/Biloxi, MS",(GPT) - Gulfport/Biloxi (MS),USA
USA,"Gunnison/Crested Butte, CO",(GUC) - Gunnison/Crested Butte (CO),USA
USA,"Haines, AK",(HNS) - Haines (AK),USA
USA,"Hancock, MI",(CMX) - Hancock (MI),USA
USA,"Harlington/South Padre Island, TX",(HRL) - Harlingen/South Padre Island (TX),USA
USA,"Harrisburg, PA - Harrisburg Skyport",(HAR) - Harrisburg (PA) - Harrisburg Skyport,USA
USA,"Harrisburg, PA - Harrisburg Int'l",(MDT) - Harrisburg (PA) - Harrisburg International,USA
USA,"Hartford, CT/Springfield, MA",(BDL) - Hartford (CT) /Springfield (MA),USA
USA,"Havre, MT",(HVR) - Havre (MT),USA
USA,"Helena, MT",(HLN) - Helena (MT),USA
USA,"Hibbing, MN",(HIB) - Hibbing (MN),USA
USA,"Hickory, NC",(HKY) - Hickory (NC),USA
USA,"Hilo, HI",(ITO) - Hilo (HI),USA
USA,"Hilton Head Island, SC",(HHH) - Hilton Head Island (SC),USA
USA,"Homer, AK",(HOM) - Homer (AK),USA
USA,"Honolulu, HI",(HNL) - Honolulu (HI) - Honolulu International Airport,USA
USA,"Hoonah, AK",(HNH) - Hoonah (AK),USA
USA,"Houston, Hobby, TX","(HOU) - Houston (TX) , Hobby",USA
USA,"Houston, Intercontinental, TX","(IAH) - Houston, TX - George Bush Intercontinental Airport",USA
USA,"Huntington, OH",(HTS) - Huntington (WV),USA
USA,"Huntsville, AL",(HSV) - Huntsville (AL),USA
USA,"Huron, SD",(HON) - Huron (SD),USA
USA,"Hyannis, MA",(HYA) - Hyannis (MA),USA
USA,"Hydaburg, AK",(HYG) - Hydaburg (AK),USA
USA,"Idaho Falls, ID",(IDA) - Idaho Falls (ID),USA
USA,"Iliamna, AK",(ILI) - Iliamna (AK),USA
USA,"Imperial, CA",(IPL) - Imperial (CA),USA
USA,"Indianapolis, IN",(IND) - Indianapolis (IN) International,USA
USA,"International Falls, MN",(INL) - International Falls (MN),USA
USA,"Inykern, CA",(IYK) - Inykern (CA),USA
USA,"Ithaca/Cortland, NY",(ITH) - Ithaca/Cortland (NY),USA
USA,"Jackson Hole, WY",(JAC) - Jackson Hole (WY),USA
USA,"Jackson, MI",(JXN) - Jackson (MI) - Reynolds Municipal,USA
USA,"Jackson, MS",(JAN) - Jackson (MS) - Jackson Internationall,USA
USA,"Jackson, TN",(MKL) - Jackson (TN) - Mckellar,USA
USA,"Jacksonville, FL",(JAX) - Jacksonville (FL) - International,USA
USA,"Jacksonville, NC",(OAJ) - Jacksonville (NC),USA
USA,"Jamestown, ND",(JMS) - Jamestown (ND),USA
USA,"Jamestown, NY",(JHW) - Jamestown (NY),USA
USA,"Johnstown, PA",(JST) - Johnstown (PA),USA
USA,"Joplin, MO",(JLN) - Joplin (MO),USA
USA,"Juneau, AK - Juneau Int'l",(JNU) - Juneau (AK) - Juneau International Airport,USA
USA,"Kahului, HI",(OGG) - Kahului (HI),USA
USA,"Kalamazoo/Battle Creek, MI",(AZO) - Kalamazoo/Battle Creek (MI),USA
USA,"Kalispell, MT",(FCA) - Kalispell (MT),USA
USA,"Kamuela, HI",(MUE) - Kamuela (HI),USA
USA,"Kansas City, MO - Int'l",(MCI) - Kansas City (MO) - Kansas City International Airport,USA
USA,"Kapalua West, HI",(JHM) - Kapalua West (HI),USA
USA,"Kaunakakai, HI",(MKK) - Kaunakakai (HI),USA
USA,"Kenai, AK",(ENA) - Kenai (AK),USA
USA,"Ketchikan, AK",(KTN) - Ketchikan (AK),USA
USA,"Key West, FL",(EYW) - Key West (FL),USA
USA,"Killeem, TX",(ILE) - Killeem (TX),USA
USA,"King Salomon, AK",(AKN) - King Salomon (AK),USA
USA,"Kingston, NC",(ISO) - Kingston (NC),USA
USA,"Klamath Fall, OR",(LMT) - Klamath Fall (OR),USA
USA,"Klawock, AK",(KLW) - Klawock (AK),USA
USA,"Knoxville, TN",(TYS) - Knoxville (TN),USA
USA,"Kodiak, AK",(ADQ) - Kodiak (AK),USA
USA,"Kona, HI",(KOA) - Kona (HI),USA
USA,"Kotzbue, AK",(OTZ) - Kotzbue (AK),USA
USA,"Labouchere Bay, AK",(WLB) - Labouchere Bay (AK),USA
USA,"La Crosse, WI",(LSE) - La Crosse (WI),USA
USA,"Lafayette, IN",(LAF) - Lafayette (IN),USA
USA,"Lafayette, La","(LFT) - Lafayette, La",USA
USA,"Lake Charles, La",(LCH) - Lake Charles (LA),USA
USA,"Lake Havasu City, AZ",(HII) - Lake Havasu City (AZ),USA
USA,"Lake Tahoe, CA",(TVL) - Lake Tahoe (CA),USA
USA,"Lanai City, HI",(LNY) - Lanai City (HI),USA
USA,"Lancaster, PA",(LNS) - Lancaster (PA),USA
USA,"Lansing, MI",(LAN) - Lansing (MI),USA
USA,"Laramie, WY",(LAR) - Laramie (WY),USA
USA,"Laredo, TX",(LRD) - Laredo (TX),USA
USA,"Las Vegas, NV",(LAS) - Las Vegas (NV),USA
USA,"Latrobe, PA",(LBE) - Latrobe (PA),USA
USA,"Laurel/Hattisburg, MS",(PIB) - Laurel/Hattisburg (MS),USA
USA,"Lawton, OK",(LAW) - Lawton (OK),USA
USA,"Lebanon, NH",(LEB) - Lebanon (NH),USA
USA,"Lewiston, ID",(LWS) - Lewiston (ID),USA
USA,"Lewistown, MT",(LWT) - Lewistown (MT),USA
USA,"Lexington, KY",(LEX) - Lexington (KY),USA
USA,"Lihue, HI",(LIH) - Lihue (HI),USA
USA,"Lincoln, NE",(LNK) - Lincoln (NE),USA
USA,"Little Rock, AR",(LIT) - Little Rock (AR),USA
USA,"Long Beach, CA",(LGB) - Long Beach (CA),USA
USA,"Long Island, AK",(LIJ) - Long Island (AK),USA
USA,"Long Island, Islip, NY - Mac Arthur","(ISP) - Long Island, Islip (NY) - Mac Arthur",USA
USA,"Longview/Kilgore, TX",(GGG) - Longview/Kilgore (TX),USA
USA,"Los Angeles, CA - Int'l",(LAX) - Los Angeles (CA) - International,USA
USA,"Louisville, KY",(SDF) - Louisville (KY),USA
USA,"Lubbock, TX",(LBB) - Lubbock (TX),USA
USA,"Lynchburg, VA",(LYH) - Lynchburg (VA),USA
USA,"Macon, GA",(MCN) - Macon (GA),USA
USA,"Madison, WI",(MSN) - Madison (WI) - Dane County Regional Airport,USA
USA,"Manchester, NH",(MHT) - Manchester (NH),USA
USA,"Marathon, FL",(MTH) - Marathon (FL),USA
USA,"Marquette, MI",(MQT) - Marquette (MI),USA
USA,"Martha's Vineyard, MA",(MVY) - Martha's Vineyard (MA),USA
USA,"Mason City, IA",(MCW) - Mason City IA,USA
USA,"Mattoon, IL",(MTO) - Mattoon (IL),USA
USA,"McAllen, TX",(MFE) - McAllen (TX),USA
USA,"Medford, OR",(MFR) - Medford (OR),USA
USA,"Melbourne, FL",(MLB) - Melbourne (FL),USA
USA,"Memphis, TN",(MEM) - Memphis (TN),USA
USA,"Merced, CA",(MCE) - Merced (CA),USA
USA,"Meridian, MS",(MEI) - Meridian (MS),USA
USA,"Metlakatla, AK",(MTM) - Metlakatla (AK),USA
USA,"Miami, FL",(MIA) - Miami (FL),USA
USA,"Midland/Odessa, TX",(MAF) - Midland/Odessa (TX),USA
USA,"Miles City, MT",(MLS) - Miles City (MT),USA
USA,"Milwaukee, WI",(MKE) - Milwaukee (WI),USA
USA,"Minneapolis - St. Paul Int'l Airport, MN",(MSP) - Minneapolis - St. Paul International Airport (MN),USA
USA,"Minot, ND",(MOT) - Minot (ND),USA
USA,"Missula, MT",(MSO) - Missula (MT),USA
USA,"Mitchell, SD",(MHE) - Mitchell (SD),USA
USA,"Mobile, AL - Pascagoula, MS",(MOB) - Mobile (AL) - Pascagoula (MS),USA
USA,"Modesto, CA",(MOD) - Modesto (CA),USA
USA,"Moline/Quad Cities, IL",(MLI) - Moline/Quad Cities (IL),USA
USA,"Monroe, La",(MLU) - Monroe (LA),USA
USA,"Monterey, CA",(MRY) - Monterey (CA),USA
USA,"Montgomery, AL",(MGM) - Montgomery (AL) - Montgomery Regional Airport,USA
USA,"Montrose/Tellruide, CO",(MTJ) - Montrose/Tellruide (CO),USA
USA,"Morgantown, WV",(MGW) - Morgantown (WV),USA
USA,"Moses Lake, WA",(MWH) - Moses Lake (WA),USA
USA,"Mt. McKinley, AK",(MCL) - Mt. McKinley (AK),USA
USA,"Muscle Shoals, AL",(MSL) - Muscle Shoals (AL),USA
USA,"Muskegon, MI",(MKG) - Muskegon (MI),USA
USA,"Myrtle Beach, SC",(MYR) - Myrtle Beach (SC) - Myrtle Beach AFB,USA
USA,"Nantucket, MA",(ACK) - Nantucket (MA),USA
USA,"Naples, FL",(APF) - Naples (FL),USA
USA,"Nashville, TN",(BNA) - Nashville (TN),USA
USA,"New Bern, NC",(EWN) - New Bern (NC),USA
USA,"New Haven, CT",(HVN) - New Haven (CT),USA
USA,"New Orleans, La","(MSY) - New Orleans, La",USA
USA,"New York - John F. Kennedy, NY",(JFK) - New York - John F. Kennedy (NY),USA
USA,"New York - La Guardia, NY",(LGA) - New York - LaGuardia (NY),USA
USA,"New York - Newark, NJ",(EWR) - New York - Newark (NJ),USA
USA,"New York, NY",(NYC) - New York (NY),USA
USA,"Newburgh, NY",(SWF) - Newburgh (NY),USA
USA,"Newport News/Williamsburg, VA",(PHF) - Newport News/Williamsburg (VA),USA
USA,Niagara Falls Int'l,(IAG) - Niagara Falls International,USA
USA,"Nome, AK",(OME) - Nome (AK),USA
USA,"Norfolk/Virginia Beach, VA",(ORF) - Norfolk/Virginia Beach (VA),USA
USA,"North Bend, OR",(OTH) - North Bend (OR),USA
USA,"Oakland, CA",(OAK) - Oakland (CA),USA
USA,"Oklahoma City, OK - Will Rogers World",(OKC) - Oklahoma City (OK) - Will Rogers World,USA
USA,"Omaha, NE",(OMA) - Omaha (NE),USA
USA,"Ontario, CA",(ONT) - Ontario (CA),USA
USA,"Orange County (Santa Ana), CA",(SNA) - Orange County (Santa Ana) (CA),USA
USA,"Orlando Metropolitan Area, FL",(ORL) - Orlando Metropolitan Area (FL),USA
USA,"Oshkosh, WI",(OSH) - Oshkosh (WI),USA
USA,"Owensboro, KY",(OWB) - Owensboro (KY),USA
USA,"Oxnard, CA",(OXR) - Oxnard (CA),USA
USA,"Paducah, KY",(PAH) - Paducah (KY),USA
USA,"Page/Lake Powell, AZ",(PGA) - Page/Lake Powell (AZ),USA
USA,"Pakersburg, WV/Marietta, OH",(PKB) - Pakersburg (WV) /Marietta (OH),USA
USA,"Palm Springs, CA",(PSP) - Palm Springs (CA),USA
USA,"Palmdale/Lancaster, CA",(PMD) - Palmdale/Lancaster (CA),USA
USA,"Panama City, FL",(PFN) - Panama City (FL),USA
USA,"Pasco, WA",(PSC) - Pasco (WA),USA
USA,"Pellston, MI",(PLN) - Pellston (MI),USA
USA,"Pendelton, OR",(PDT) - Pendelton (OR),USA
USA,"Pensacola, FL",(PNS) - Pensacola (FL),USA
USA,"Peoria/Bloomington, IL",(PIA) - Peoria/Bloomington (IL),USA
USA,"Petersburg, AK",(PSG) - Petersburg (AK),USA
USA,"Philadelphia, PA - Int'l",(PHL) - Philadelphia (PA) - International,USA
USA,"Phoenix, AZ - Sky Harbor Int'l",(PHX) - Phoenix (AZ) - Sky Harbor International,USA
USA,"Pierre, SD",(PIR) - Pierre (SD),USA
USA,"Pittsburgh Int'l Airport, PA",(PIT) - Pittsburgh International Airport (PA),USA
USA,"Plattsburgh, NY",(PLB) - Plattsburgh (NY),USA
USA,"Pocatello, ID",(PIH) - Pocatello (ID),USA
USA,"Port Angeles, WA",(CLM) - Port Angeles (WA),USA
USA,"Portland, ME",(PWM) - Portland (ME),USA
USA,"Portland Int'l, OR",(PDX) - Portland International (OR),USA
USA,"Poughkeepsie, NY",(POU) - Poughkeepsie (NY),USA
USA,"Presque Island, ME",(PQI) - Presque Island (ME),USA
USA,"Providence, RI",(PVD) - Providence (RI),USA
USA,"Prudhoe Bay, AK",(SCC) - Prudhoe Bay (AK),USA
USA,"Pueblo, CO",(PUB) - Pueblo (CO),USA
USA,"Pullman, WA",(PUW) - Pullman (WA),USA
USA,"Quincy, IL",(UIN) - Quincy (IL),USA
USA,"Raleigh/Durham, NC",(RDU) - Raleigh/Durham (NC),USA
USA,"Rapid City, SD",(RAP) - Rapid City (SD),USA
USA,"Reading, PA",(RDG) - Reading (PA),USA
USA,"Redding, CA",(RDD) - Redding (CA),USA
USA,"Redmond, OR",(RDM) - Redmond (OR),USA
USA,"Reno, NV",(RNO) - Reno (NV),USA
USA,"Rhinelander, WI",(RHI) - Rhinelander (WI),USA
USA,"Richmond, VA",(RIC) - Richmond (VA),USA
USA,"Roanoke, VA",(ROA) - Roanoke (VA),USA
USA,"Rochester, MN",(RST) - Rochester (MN),USA
USA,"Rochester, NY",(ROC) - Rochester (NY),USA
USA,"Rock Springs, WY",(RKS) - Rock Springs (WY),USA
USA,"Rockford, IL",(RFD) - Rockford (IL),USA
USA,"Rockland, ME",(RKD) - Rockland (ME),USA
USA,"Rocky Mount - Wilson, NC",(RWI) - Rocky Mount - Wilson (NC),USA
USA,"Sacramento, CA",(SMF) - Sacramento (CA),USA
USA,"Saginaw/Bay City/Midland, MI",(MBS) - Saginaw/Bay City/Midland (MI),USA
USA,"Salem, OR",(SLE) - Salem (OR),USA
USA,"Salinas, CA",(SNS) - Salinas (CA),USA
USA,"Salisbury, MD",(SBY) - Salisbury (MD),USA
USA,"Salt Lake City, UT",(SLC) - Salt Lake City (UT),USA
USA,"San Angelo, TX",(SJT) - San Angelo (TX),USA
USA,"San Antonio, TX",(SAT) - San Antonio (TX),USA
USA,"San Diego - Lindberg Field Int'l, CA",(SAN) - San Diego - Lindberg Field International (CA),USA
USA,"San Francisco - Int'l Airport, SA","(SFO) - San Francisco - International Airport, SA",USA
USA,"San Jose, CA",(SJC) - San Jose (CA),USA
USA,"San Luis Obisco, CA",(SBP) - San Luis Obisco (CA),USA
USA,"Santa Barbara, CA",(SBA) - Santa Barbara (CA),USA
USA,"Santa Maria, CA",(SMX) - Santa Maria (CA),USA
USA,"Santa Rosa, CA",(STS) - Santa Rosa (CA),USA
USA,"Sarasota/Bradenton, FL",(SRQ) - Sarasota/Bradenton (FL),USA
USA,"Savannah, GA",(SAV) - Savannah (GA),USA
USA,"Scottsdale, AZ",(SCF) - Scottsdale (AZ),USA
USA,"Seattle/Tacoma, WA",(SEA) - Seattle/Tacoma (WA),USA
USA,"Shenandoah Valley/Stauton, VA",(SHD) - Shenandoah Valley/Stauton (VA),USA
USA,"Sheridan, WY",(SHR) - Sheridan (WY),USA
USA,"Shreveport, La","(SHV) - Shreveport, La",USA
USA,"Sidney, MT",(SDY) - Sidney (MT),USA
USA,"Sioux City, IA",(SUX) - Sioux City IA,USA
USA,"Sioux Falls, SD",(FSD) - Sioux Falls (SD),USA
USA,"Sitka, AK",(SIT) - Sitka (AK),USA
USA,"Skagway, AK",(SGY) - Skagway (AK),USA
USA,"South Bend, IN",(SBN) - South Bend (IN),USA
USA,"Spokane, WA",(GEG) - Spokane (WA),USA
USA,"Springfield, IL",(SPI) - Springfield (IL),USA
USA,"Springfield, MO",(SGF) - Springfield (MO),USA
USA,"St. George, UT",(SGU) - St. George (UT),USA
USA,"St. Louis - Lambert, MO",(STL) - St. Louis (MO) Lambert–St. Louis International Airport,USA
USA,"State College/Belefonte, PA",(SCE) - State College/Belefonte (PA),USA
USA,"Steamboat Springs, CO",(HDN) - Steamboat Springs (CO),USA
USA,"Stockton, CA",(SCK) - Stockton (CA),USA
USA,"Sun Valley, ID",(SUN) - Sun Valley (ID),USA
USA,"Syracuse, NY",(SYR) - Syracuse (NY),USA
USA,"Talkeetna, AK",(TKA) - Talkeetna (AK),USA
USA,"Tallahassee, FL",(TLH) - Tallahassee (FL),USA
USA,"Tampa Int'l, FL",(TPA) - Tampa - International (FL),USA
USA,"Telluride, CO",(TEX) - Telluride (CO),USA
USA,"Terre Haute, IN",(HUF) - Terre Haute (IN),USA
USA,"Texarkana, AR",(TXK) - Texarkana (AR),USA
USA,"Thief River Falls, MN",(TVF) - Thief River Falls (MN),USA
USA,"Thorne Bay, AK",(KTB) - Thorne Bay (AK),USA
USA,"Toledo, OH",(TOL) - Toledo (OH),USA
USA,"Traverse City, MI",(TVC) - Traverse City (MI),USA
USA,"Trenton/Princeton, NJ",(TTN) - Trenton/Princeton (NJ),USA
USA,"Tri-Cities Regional, TN/VA",(TRI) - Tri-Cities Regional (TN) /VA,USA
USA,"Tucson, AZ",(TUS) - Tucson (AZ),USA
USA,"Tulepo, MS",(TUP) - Tulepo (MS),USA
USA,"Tulsa, OK",(TUL) - Tulsa (OK),USA
USA,"Tuscaloosa, AL",(TCL) - Tuscaloosa (AL),USA
USA,"Twin Falls, ID",(TWF) - Twin Falls (ID),USA
USA,"Tyler, TX",(TYR) - Tyler (TX),USA
USA,"Utica, NY",(UCA) - Utica (NY) - Oneida County Airport,USA
USA,"Vail, CO",(EGE) - Vail (CO),USA
USA,"Valdez, AK",(VDZ) - Valdez (AK),USA
USA,"Valdosta, GA",(VLD) - Valdosta (GA),USA
USA,"Vernal, UT",(VEL) - Vernal (UT),USA
USA,"Vero Beach/Ft. Pierce, FL",(VRB) - Vero Beach/Ft. Pierce (FL),USA
USA,"Visalia, CA",(VIS) - Visalia (CA),USA
USA,"Waco, TX",(ACT) - Waco (TX),USA
USA,"Walla Walla, WA",(ALW) - Walla Walla (WA),USA
USA,Washington DC - Baltimore Washington Int'l,(BWI) - Baltimore (MD) - Washington International Airport,USA
USA,Washington DC - Dulles Int'l,(IAD) - Washington DC - Dulles International,USA
USA,Washington DC - Ronald Reagan National,(DCA) - Washington DC - Ronald Reagan National,USA
USA,"Washington, DC",(WAS) - Washington DC,USA
USA,"Waterloo, IA",(ALO) - Waterloo IA,USA
USA,"Watertown, SD",(ATY) - Watertown (SD),USA
USA,"Wausau/Stevens Point, WI",(CWA) - Wausau/Stevens Point (WI),USA
USA,"Wenatchee, WA",(EAT) - Wenatchee (WA),USA
USA,"West Palm Beach, FL",(PBI) - West Palm Beach (FL),USA
USA,"West Yellowstone, MT",(WYS) - West Yellowstone (MT),USA
USA,"White Plains, NY",(HPN) - White Plains (NY),USA
USA,"Wichita Falls, TX",(SPS) - Wichita Falls (TX),USA
USA,"Wichita, KS",(ICT) - Wichita (KS),USA
USA,"Wilkes Barre/Scranton, PA",(AVP) - Wilkes Barre/Scranton (PA),USA
USA,"Williamsport, PA",(IPT) - Williamsport (PA),USA
USA,"Williston, ND",(ISL) - Williston (ND),USA
USA,"Wilmington, NC",(ILM) - Wilmington (NC),USA
USA,"Wolf Point, MT",(OLF) - Wolf Point (MT),USA
USA,"Worcester, MA",(ORH) - Worcester (MA),USA
USA,"Worland, WY",(WRL) - Worland (WY),USA
USA,"Wrangell, AK",(WRG) - Wrangell (AK),USA
USA,"Yakima, WA",(YKM) - Yakima (WA),USA
USA,"Yakutat, AK",(YAK) - Yakutat (AK),USA
USA,"Yuma, AZ",(YUM) - Yuma (AZ),USA
USA,"Orlando Int'l Airport, FL",(ORL) - Orlando Metropolitan Area (FL),USA
Argentina,"Buenos Aires, Jorge Newbery","(AEP) - Buenos Aires, Jorge Newbery",Argentina
Colombia,Barranquilla,(BAQ) - Barranquilla,Colombia
Argentina,Buenos Aires,(BUE) - Buenos Aires,Argentina
Colombia,Catagena,(CTG) - Cartagena - Rafael Núñez International Airport,Colombia
Argentina,"Buenos Aires, Ezeiza Int'l Airport","(EZE) - Buenos Aires, Ezeiza International Airport",Argentina
Argentina,"Iguazu, Cataratas","(IGR) - Iguazu, Cataratas",Argentina
Chile,Easter Island,(IPC) - Easter Island,Chile
Peru,Lima - J Chavez Int'l,(LIM) - Lima - J Chavez International,Peru
Uruguay,Montevideo - Carrasco,(MVD) - Montevideo - Carrasco International Airport,Uruguay
Chile,Santiago de Chile - Arturo Merino Benitez,(SCL) - Santiago de Chile - Arturo Merino Benitez,Chile
Ecuador,Quito - Mariscal Sucr,(UIO) - Quito - Mariscal Sucre International Airport,Ecuador
Bolivia,La Paz - El Alto,(LPB) - La Paz - El Alto,Bolivia
Bolivia,Santa Cruz de la Sierra,(SRZ) - Santa Cruz de la Sierra,Bolivia
Chile,Punta Arenas,(PUQ) - Punta Arenas - Presidente Carlos Ibáñez del Campo,Chile
Chile,Valparaiso,(VAP) - Valparaiso,Chile
Colombia,Bogota,(BOG) - Bogota - El Nuevo Dorado International Airport,Colombia
Colombia,Bucaramanga,(BGA) - Bucaramanga,Colombia
Peru,Iquitos,(IQT) - Iquitos,Peru
Argentina,Cordoba,(COR) - Cordoba,Argentina
Argentina,Mar del Plata,(MDQ) - Mar del Plata,Argentina
Argentina,Mendoza,(MDZ) - Mendoza,Argentina
Argentina,Rosario,(ROS) - Rosario,Argentina
Argentina,"Salta, Gen Belgrano","(SLA) - Salta, Gen Belgrano",Argentina
Argentina,San Carlos de Bariloche,(BRC) - San Carlos de Bariloche,Argentina
Argentina,Santa Rosa,(RSA) - Santa Rosa,Argentina
Bolivia,Cochabamba,(CBB) - Cochabamba,Bolivia
Bolivia,Santa Rosa,(SRB) - Santa Rosa,Bolivia
Brazil,Rio de Janeiro - Galeao,(GIG) - Rio de Janeiro - Galeao,Brazil
Brazil,Rio de Janeiro - Santos Dumont,(SDU) - Rio de Janeiro - Santos Dumont,Brazil
Brazil,Rio de Janeiro,(RIO) - Rio de Janeiro,Brazil
Brazil,Sao Paulo,(SAO) - Sao Paulo,Brazil
Brazil,Sao Paulo - Congonhas,(CGH) - Sao Paulo - Congonhas,Brazil
Brazil,Sao Paulo - Guarulhos,(GRU) - Sao Paulo - Guarulhos International,Brazil
Brazil,Sao Paulo - Viracopos,(VCP) - Sao Paulo - Viracopos,Brazil
Brazil,Aracaju,(AJU) - Aracaju,Brazil
Brazil,Belem,(BEL) - Belem - Val de Cans International Airport,Brazil
Brazil,Belo Horizonte,(CNF) - Belo Horizonte - Tancredo Neves International Airport,Brazil
Brazil,Boa Vista,(BVB) - Boa Vista,Brazil
Brazil,Brasilia,(BSB) - Brasilia - President Juscelino Kubitschek International,Brazil
Brazil,Campo Grande,(CGR) - Campo Grande,Brazil
Brazil,Cuiaba,(CGB) - Cuiaba - Marechal Rondon International Airport,Brazil
Brazil,Curitiba,(CWB) - Curitiba - Afonso Pena International Airport,Brazil
Brazil,Florianopolis,(FLN) - Florianopolis,Brazil
Brazil,Fortaleza,(FOR) - Fortaleza - Pinto Martins Airport,Brazil
Brazil,Goiania,"(GYN) - Goiania, Santa Genoveva Airport",Brazil
Brazil,Guarulhos Int'l - Sao Paulo,(GRU) - Sao Paulo - Guarulhos International,Brazil
Brazil,Joacaba,(JCB) - Joacaba,Brazil
Brazil,Joao Pessoa - Castro Pinto,(JPA) - Joao Pessoa - Castro Pinto Airport,Brazil
Brazil,Macapa,(MCP) - Macapa - Alberto Alcolumbre International Airport,Brazil
Brazil,Maceio,(MCZ) - Maceio - Zumbi dos Palmares International Airport,Brazil
Brazil,Manaus,(MAO) - Manaus - Eduardo Gomes International Airport,Brazil
Brazil,Montenegro,(QGF) - Montenegro,Brazil
Brazil,Natal,(NAT) - Natal - Augusto Severo International Airport,Brazil
Brazil,Porto Alegre,(POA) - Porto Alegre - Salgado Filho International Airport,Brazil
Brazil,Porto Velho,(PVH) - Porto Velho,Brazil
Brazil,Recife,(REC) - Recife - Guararapes-Gilberto Freyre International,Brazil
Brazil,Rio Branco,(RBR) - Rio Branco - Plácido de Castro International Airport,Brazil
Brazil,Salvador,(SSA) - Salvador - Salvador International Airport,Brazil
Brazil,Santa Rosa,(SRA) - Santa Rosa,Brazil
Brazil,Sao Luis,(SLZ) - Sao Luis - Marechal Cunha Machado International,Brazil
Brazil,Teresina,(THE) - Teresina,Brazil
Brazil,"Uberlandia, MG",(UDI) - Uberlandia - Eduardo Gomes Airport,Brazil
Brazil,Vitoria,(VIX) - Vitoria - Eurico de Aguiar Salles Airport,Brazil
Colombia,Cali,(CLO) - Cali,Colombia
Colombia,Medellin,(MDE) - Medellin - José María Córdova International,Colombia
Colombia,Armenia,(AXS) - Altus,Colombia
Colombia,Pereira,(PEI) - Pereira,Colombia
Colombia,San Andres,(ADZ) - San Andres,Colombia
Colombia,Santa Rosalia,(SSL) - Santa Rosalia,Colombia
Ecuador,Guayaquil,(GYE) - Guayaquil - Simon Bolivar,Ecuador
Ecuador,Salinas,(SNC) - Salinas,Ecuador
French Guayana,Cayenne,(CAY) - Cayenne - Cayenne-Rochambeau Airport,French Guayana
Guinea,Conakry,(CKY) - Conakry - Conakry International Airport,Guinea
Guinea,Labe,(LEK) - Labe,Guinea
Guinea Bissau,Bissau,(BXO) - Bissau - Osvaldo Vieiro International Airport,Guinea Bissau
Guyana,Georgetown,(GEO) - Georgetown - Cheddi Jagan International Airport,Guyana
Paraguay,Asuncion,(ASU) - Asuncion - Asunción International Airport,Paraguay
Venezuela,Barcelona,(BLA) - Barcelona,Venezuela
Venezuela,Caracas,(CCS) - Caracas - Simón Bolívar International Airport,Venezuela
Venezuela,Maracaibo - La Chinita,(MAR) - Maracaibo - La Chinita International,Venezuela
Venezuela,Margerita,(PMV) - Margerita,Venezuela
Venezuela,Puerto Ordaz,(PZO) - Puerto Ordaz,Venezuela
Venezuela,Valencia,(VLN) - Valencia,Venezuela
Australia,Alice Springs,(ASP) - Alice Springs,Australia
Australia,Ayers Rock,(AYQ) - Ayers Rock - Connellan,Australia
Australia,Perth Int'l,(PER) - Perth International,Australia
French Polynesia,Bora Bora,(BOB) - Bora Bora,French Polynesia
French Polynesia (Tahiti),Papeete - Faaa,(PPT) - Papeete - Faaa,French Polynesia (Tahiti)
American Samoa,Pago Pago,(PPG) - Pago Pago,American Samoa
Australia,Adelaide,(ADL) - Adelaide,Australia
Australia,Albany,(ALH) - Albany,Australia
Australia,Albury,(ABX) - Albury,Australia
Australia,Ayr,(AYR) - Ayr,Australia
Australia,Ballina,(BNK) - Ballina,Australia
Australia,Bamaga,(ABM) - Bamaga,Australia
Australia,Blackwater,(BLT) - Blackwater,Australia
Australia,Bowen,(ZBO) - Bowen,Australia
Australia,Brampton Island,(BMP) - Brampton Island,Australia
Australia,Brisbane,(BNE) - Brisbane,Australia
Australia,Broken Hill,(BHQ) - Broken Hill,Australia
Australia,Broome,(BME) - Broome,Australia
Australia,Bundaberg,(BDB) - Bundaberg,Australia
Australia,Burnie (Wynyard),(BWT) - Burnie (Wynyard),Australia
Australia,Cairns,(CNS) - Cairns,Australia
Australia,Canberra,(CBR) - Canberra - Canberra Airport,Australia
Australia,Carnarvon,(CVQ) - Carnarvon,Australia
Australia,Casino,(CSI) - Casino,Australia
Australia,Ceduna,(CED) - Ceduna,Australia
Australia,Cessnock,(CES) - Cessnock,Australia
Australia,Charters Towers,(CXT) - Charters Towers,Australia
Australia,Clermont,(CMQ) - Clermont,Australia
Australia,Coffs Harbour,(CFS) - Coffs Harbour,Australia
Australia,Collinsville,(KCE) - Collinsville,Australia
Australia,Coober Pedy,(CPD) - Coober Pedy,Australia
Australia,Cooktown,(CTN) - Cooktown,Australia
Australia,Cooma,(OOM) - Cooma,Australia
Australia,Dalby,(DBY) - Dalby,Australia
Australia,Darwin,(DRW) - Darwin,Australia
Australia,Daydream Island,(DDI) - Daydream Island,Australia
Australia,Derby,(DRB) - Derby,Australia
Australia,Devonport,(DPO) - Devonport,Australia
Australia,Dubbo,(DBO) - Dubbo,Australia
Australia,Dunk Iceland,(DKI) - Dunk Island,Australia
Australia,Dysart,(DYA) - Dysart,Australia
Australia,Emerald,(EDR) - Emerald,Australia
Australia,Emerald,(EMD) - Emerald,Australia
Australia,Esperance,(EPR) - Esperance,Australia
Australia,Geelong,(GEX) - Geelong,Australia
Australia,Geraldton,(GET) - Geraldton,Australia
Australia,Gladstone,(GLT) - Gladstone,Australia
Australia,Gold Coast,(OOL) - Gold Coast,Australia
Australia,Goondiwindi,(GOO) - Goondiwindi,Australia
Australia,Gove (Nhulunbuy),(GOV) - Gove (Nhulunbuy),Australia
Australia,Great Keppel Island,(GKL) - Great Keppel Island,Australia
Australia,Griffith,(GFF) - Griffith,Australia
Australia,Groote Eyeland,(GTE) - Groote Eylandt - Alyangula,Australia
Australia,Groote Eylandt,(GTI) - Guettin,Australia
Australia,Gympie,(GYP) - Gympie,Australia
Australia,Hamilton,(HLT) - Hamilton,Australia
Australia,Hamilton Island,(HTI) - Hamilton Island,Australia
Australia,Hayman Island,(HIS) - Hayman Island,Australia
Australia,Hervey Bay,(HVB) - Hervey Bay,Australia
Australia,Hinchinbrook Island,(HNK) - Hinchinbrook Island,Australia
Australia,Hobart,(HBA) - Hobart,Australia
Australia,Home Hill,(HMH) - Home Hill,Australia
Australia,Ingham,(IGH) - Ingham,Australia
Australia,Innisfail,(IFL) - Innisfail,Australia
Australia,Kalgoorlie,(KGI) - Kalgoorlie,Australia
Australia,Karratha,(KTA) - Karratha,Australia
Australia,Karumba,(KRB) - Karumba,Australia
Australia,Katherine,(KTR) - Katherine,Australia
Australia,Kingscote,(KGC) - Kingscote,Australia
Australia,Kowanyama,(KWM) - Kowanyama,Australia
Australia,Kununurra,(KNX) - Kununurra,Australia
Australia,Launceston,(LST) - Launceston,Australia
Australia,Laverton,(LVO) - Laverton,Australia
Australia,Learmouth (Exmouth),(LEA) - Learmouth (Exmouth),Australia
Australia,Leinster,(LER) - Leinster,Australia
Australia,Leonora,(LNO) - Leonora,Australia
Australia,Lindeman Island,(LDC) - Lindeman Island,Australia
Australia,Lismore,(LSY) - Lismore,Australia
Australia,Lizard Island,(LZR) - Lizard Island,Australia
Australia,Lockhart River,(IRG) - Lockhart River,Australia
Australia,Longreach,(LRE) - Longreach,Australia
Australia,Mackay,(MKY) - Mackay,Australia
Australia,Maitland,(MTL) - Maitland,Australia
Australia,Maryborough,(MBH) - Maryborough,Australia
Australia,Meekatharra,(MKR) - Meekatharra,Australia
Australia,Melbourne - Tullamarine,(MEL) - Melbourne - Melbourne Airport (Tullamarine),Australia
Australia,Merimbula,(MIM) - Merimbula,Australia
Australia,Middlemount,(MMM) - Middlemount,Australia
Australia,Mildura,(MQL) - Mildura,Australia
Australia,Moranbah,(MOV) - Moranbah,Australia
Australia,Moree,(MRZ) - Moree,Australia
Australia,Mount Gambier,(MGB) - Mount Gambier,Australia
Australia,Mount Magnet,(MMG) - Mount Magnet,Australia
Australia,Mt. Isa,(ISA) - Mt. Isa,Australia
Australia,Narrabri,(NAA) - Narrabri,Australia
Australia,Narrandera,(NRA) - Narrandera,Australia
Australia,Newcastle - Belmont,(BEO) - Newcastle - Belmont,Australia
Australia,Newcastle - Williamtown,(NTL) - Newcastle - Williamtown,Australia
Australia,Newman,(ZNE) - Newman,Australia
Australia,Noosa,(NSA) - Noosa,Australia
Australia,Norfolk Island,(NLK) - Norfolk Island,Australia
Australia,Olympic Dam,(OLP) - Olympic Dam,Australia
Australia,Orange,(OAG) - Orange,Australia
Australia,Orpheus Island,(ORS) - Orpheus Island,Australia
Australia,Paraburdoo,(PBO) - Paraburdoo,Australia
Australia,Port Augusta,(PUG) - Port Augusta,Australia
Australia,Port Hedland,(PHE) - Port Hedland,Australia
Australia,Portland,(PTJ) - Portland,Australia
Australia,Port Lincoln,(PLO) - Port Lincoln,Australia
Australia,Port Macquarie,(PQQ) - Port Macquarie,Australia
Australia,Prosperpine,(PPP) - Prosperpine,Australia
Australia,Queenstown,(UEE) - Queenstown,Australia
Australia,Rockhampton,(ROK) - Rockhampton,Australia
Australia,Scone,(NSO) - Scone,Australia
Australia,Shute Harbour,(JHQ) - Shute Harbour,Australia
Australia,Singleton,(SIX) - Singleton,Australia
Australia,South Molle Island,(SOI) - South Molle Island,Australia
Australia,Streaky Bay,(KBY) - Streaky Bay,Australia
Australia,Sunshine Coast,(MCY) - Sunshine Coast,Australia
Australia,Sydney - Kingsford Smith,(SYD) - Sydney - Sydney Airport,Australia
Australia,Tamworth,(TMW) - Tamworth,Australia
Australia,Taree,(TRO) - Taree,Australia
Australia,Temora,(TEM) - Temora,Australia
Australia,Tennant Creek,(TCA) - Tennant Creek,Australia
Australia,Thursday Island,(TIS) - Thursday Island,Australia
Australia,Tom Price,(TPR) - Tom Price,Australia
Australia,Toowoomba,(TWB) - Toowoomba,Australia
Australia,Townsville,(TSV) - Townsville,Australia
Australia,Wagga,(WGA) - Wagga,Australia
Australia,Warrnambool,(WMB) - Warrnambool,Australia
Australia,Weipa,(WEI) - Weipa,Australia
Australia,Whitsunday Resort,(HAP) - Whitsunday Resort,Australia
Australia,Whyalla,(WYA) - Whyalla,Australia
Australia,Wickham,(WHM) - Wickham,Australia
Australia,Wiluna,(WUN) - Wiluna,Australia
Australia,Wollongong,(WOL) - Wollongong,Australia
Australia,Woomera,(UMR) - Woomera,Australia
Australia,Wyndham,(WYN) - Wyndham,Australia
French Polynesia,Huahine,(HUH) - Huahine,French Polynesia
French Polynesia,Manihi,(XMH) - Manihi,French Polynesia
French Polynesia,Maupiti,(MAU) - Maupiti,French Polynesia
French Polynesia,Moorea,(MOZ) - Moorea,French Polynesia
French Polynesia,Raiatea,(RFP) - Raiatea,French Polynesia
French Polynesia,Rangiroa,(RGI) - Rangiroa,French Polynesia
Grenada,Grenada,(GND) - Grenada - Point Salines Airport also Maurice Bishop,Grenada
Guam,Agana,(SUM) - Agana (Hagåtña),Guam
Guam,Guam,(GUM) - Guam,Guam
Island,Rarotonga Cook,(RAR) - Rarotonga,Island
King Island,King Island,(KNS) - King Island,King Island
"Loyaute, Pazifik",Lifou,(LIF) - Lifou,"Loyaute, Pazifik"
Micronesia,Pohnpei,(PNI) - Pohnpei,Micronesia
New Caledonia,Ile des Pins,(ILP) - Ile des Pins,New Caledonia
New Caledonia,Ile Ouen,(IOU) - Ile Ouen,New Caledonia
New Caledonia,Mare,(MEE) - Mare,New Caledonia
New Caledonia,Noumea,(NOU) - Noumea,New Caledonia
New Caledonia,Touho,(TOU) - Touho,New Caledonia
Northern Mariana Islands,Saipan,(SPN) - Saipan,Northern Mariana Islands
Samoa,Apia,(APW) - Apia - Faleolo International Airport,Samoa
Solomon Islands,Guadalcanal,(GSI) - Guadalcanal,Solomon Islands
Solomon Islands,Honiara Henderson Int'l,(HIR) - Honiara Henderson International,Solomon Islands
Vanuatu,Port Vila,(VLI) - Port Vila,Vanuatu
Vanuatu,Santo,(SON) - Santo,Vanuatu
Wallis and Futuna Islands,Futuna,(FUT) - Futuna,Wallis and Futuna Islands
Wallis and Futuna Islands,Wallis,(WLS) - Wallis,Wallis and Futuna Islands
New Zealand,Auckland,(AKL) - Auckland - Auckland International Airport,New Zealand
New Zealand,Blenheim,(BHE) - Blenheim,New Zealand
New Zealand,Christchurch,(CHC) - Christchurch,New Zealand
New Zealand,Dunedin,(DUD) - Dunedin,New Zealand
New Zealand,Incercargill,(IVC) - Incercargill,New Zealand
New Zealand,Invercargill,(IVC) - Incercargill,New Zealand
New Zealand,Milford Sound,(MFN) - Milford Sound,New Zealand
New Zealand,Mount Cook,(GTN) - Mount Cook,New Zealand
New Zealand,Nelson,(NSN) - Nelson,New Zealand
New Zealand,Palmerston North,(PMR) - Palmerston North,New Zealand
New Zealand,Queenstown,(ZQN) - Queenstown,New Zealand
New Zealand,Rotorua,(ROT) - Rotorua,New Zealand
New Zealand,Te Anau,(TEU) - Te Anau,New Zealand
New Zealand,Wellington,(WLG) - Wellington,New Zealand
New Zealand,Whakatane,(WHK) - Whakatane,New Zealand
New Zealand,Whangarei,(WRE) - Whangarei,New Zealand
Togo,Lome,(LFW) - Lome,Togo
Tonga,Nuku'alofa - Fua'Amotu International,(TBU) - Nuku'alofa - Fua'Amotu International,Tonga
Cambodia,Phnom Penh - Pochentong,(PNH) - Phnom Penh - Pochentong,Cambodia
Laos,Vientiane - Wattay,(VTE) - Vientiane - Wattay,Laos
Myanmar (Burma),Rangoon (Yangon) - Mingaladon,(RGN) - Rangoon (Yangon) - Mingaladon,Myanmar (Burma)
Myanmar (Burma),Yangon (Rangoon) - Mingaladon,(RGN) - Rangoon (Yangon) - Mingaladon,Myanmar (Burma)
Brunei,Bandar Seri Begawan,(BWN) - Bandar Seri Begawan - Brunei International Airport,Brunei
Brunei,Kuala Belait,(KUB) - KUB,Brunei
Burundi,Bujumbura,(BJM) - Bujumbura - Bujumbura International Airport,Burundi
Cameroon,Douala,(DLA) - Douala,Cameroon
Cameroon,Garoua,(GOU) - Garoua,Cameroon
Cameroon,Maroua,(MVR) - Maroua,Cameroon
Cameroon,N'Gaoundere,(NGE) - N'Gaoundere,Cameroon
Cameroon,Yaounde,(YAO) - Yaounde,Cameroon
Indonesia,Denpasar/Bali,(DPS) - Denpasar/Bali,Indonesia
Indonesia,Jakarta - Halim Perdanakusma,(HLP) - Jakarta - Halim Perdana Kusuma,Indonesia
Indonesia,Jakarta - Kemayoran,(JKT) - Jakarta - Metropolitan Area,Indonesia
Indonesia,Jakarta - Soekarno-Hatta,(CGK) - Jakarta - Soekarno-Hatta International,Indonesia
Indonesia,Medan,(MES) - Medan - Polania Int'l (now Soewondo AFB),Indonesia
Indonesia,Manado,(MDC) - Manado,Indonesia
Indonesia,Surabaya - Juanda,(SUB) - Surabaya - Juanda,Indonesia
Indonesia,Tioman,(TOD) - Tioman,Indonesia
Indonesia,Ujung Pandang,(UPG) - Ujung Pandang - Hasanudin Airport,Indonesia
Malaysia,Bintulu,(BTU) - Bintulu,Malaysia
Malaysia,Johore Bahru,(JHB) - Johor Bahru - Sultan Ismail International,Malaysia
Malaysia,Kota Kinabalu,(BKI) - Kota Kinabalu,Malaysia
Malaysia,Kuala Lumpur - Int'l Airport,(KUL) - Kuala Lumpur - International Airport,Malaysia
Malaysia,Kuala Lumpur - Sultan Abdul Aziz Shah,(SZB) - Kuala Lumpur - Sultan Abdul Aziz Shah,Malaysia
Malaysia,Kuantan,(KUA) - Kuantan,Malaysia
Malaysia,Kuching,(KCH) - Kuching,Malaysia
Malaysia,Labuan,(LBU) - Labuan,Malaysia
Malaysia,Langkawi,(LGK) - Langkawi (islands),Malaysia
Malaysia,Miri,(MYY) - Miri,Malaysia
Malaysia,Penang International,(PEN) - Penang International,Malaysia
Malaysia,Sibu,(SBW) - Sibu,Malaysia
Malaysia,Tawau,(TWU) - Tawau,Malaysia
Papua New Guinea,Lae,(LAE) - Lae - Lae Nadzab Airport,Papua New Guinea
Papua New Guinea,Manguna,(MFO) - Manguna,Papua New Guinea
Papua New Guinea,Port Moresby - Jackson Field,(POM) - Port Moresby - Jackson Field,Papua New Guinea
Philippines,Cebu,(CBU) - Cottbus - Cottbus-Drewitz Airport,Philippines
Philippines,Mactan Island - Nab,(NOP) - Mactan Island - Nab,Philippines
Philippines,Manila - Ninoy Aquino Int'l,(MNL) - Manila - Ninoy Aquino International,Philippines
Thailand,Bangkok,"(BKK) - Bangkok, Suvarnabhumi International",Thailand
Thailand,Chiang Mai,(CNX) - Chiang Mai - Chiang Mai International Airport,Thailand
Thailand,Hatyai (Hat Yai),(HDY) - Hatyai (Hat Yai),Thailand
Thailand,Pattaya,(PYX) - Pattaya,Thailand
Thailand,Phuket,(HKT) - Phuket,Thailand
Thailand,Utapao (Pattaya),(UTP) - Utapao (Pattaya),Thailand
Viet Nam,Hanoi - Noibai,(HAN) - Hanoi - Noi Bai International Airport,Viet Nam
Viet Nam,Ho Chi Minh City (Saigon),(SGN) - Ho Chi Minh City (Saigon) - Tan Son Nhat International,Viet Nam
Viet Nam,Hue - Phu Bai,(HUI) - Hue - Phu Bai,Viet Nam
Viet Nam,Saigon (Ho Chi Minh City),(SGN) - Ho Chi Minh City (Saigon) - Tan Son Nhat International,Viet Nam
Barbados,"Bridgetown, Grantley Adams Int'l",(BGI) - Bridgetown - Grantley Adams International,Azerbaijan
Barbados,"Bridgetown, Grantley Adams Int'l",(BGI) - Bridgetown - Grantley Adams International,Azerbaijan
